Date,Price
1/3/2000,290.30
1/4/2000,281.50
1/5/2000,280.50
1/6/2000,279.40
1/7/2000,282.10
1/10/2000,281.60
1/11/2000,282.30
1/12/2000,282.30
1/13/2000,282.10
1/14/2000,283.30
1/17/2000,285.40
1/18/2000,285.80
1/19/2000,287.70
1/20/2000,288.10
1/21/2000,287.80
1/24/2000,287.20
1/25/2000,288.00
1/26/2000,285.90
1/27/2000,285.60
1/28/2000,286.80
1/31/2000,283.30
2/1/2000,283.00
2/2/2000,285.60
2/3/2000,285.10
2/4/2000,293.70
2/7/2000,312.70
2/8/2000,296.30
2/9/2000,308.60
2/10/2000,309.00
2/11/2000,311.50
2/14/2000,308.40
2/15/2000,304.30
2/16/2000,302.50
2/17/2000,304.80
2/18/2000,303.60
2/21/2000,305.30
2/22/2000,302.30
2/23/2000,302.00
2/24/2000,298.80
2/25/2000,294.00
2/28/2000,292.50
2/29/2000,293.70
3/1/2000,292.90
3/2/2000,289.90
3/3/2000,288.50
3/6/2000,288.80
3/7/2000,289.80
3/8/2000,291.20
3/9/2000,290.50
3/10/2000,290.30
3/13/2000,290.70
3/14/2000,288.80
3/15/2000,289.20
3/16/2000,287.40
3/17/2000,283.90
3/20/2000,285.80
3/21/2000,285.20
3/22/2000,287.80
3/23/2000,284.80
3/24/2000,284.90
3/27/2000,284.20
3/28/2000,280.70
3/29/2000,279.80
3/30/2000,275.80
3/31/2000,276.80
4/3/2000,277.50
4/4/2000,276.90
4/5/2000,281.30
4/6/2000,279.40
4/7/2000,280.20
4/10/2000,282.30
4/11/2000,282.50
4/12/2000,280.40
4/13/2000,281.40
4/14/2000,282.00
4/17/2000,281.80
4/18/2000,281.10
4/19/2000,281.40
4/20/2000,279.90
4/21/2000,279.90
4/24/2000,279.90
4/25/2000,279.50
4/26/2000,276.20
4/27/2000,276.00
4/28/2000,275.10
5/1/2000,275.10
5/2/2000,275.50
5/3/2000,275.60
5/4/2000,280.00
5/5/2000,280.80
5/8/2000,277.90
5/9/2000,276.30
5/10/2000,277.60
5/11/2000,276.80
5/12/2000,276.70
5/15/2000,275.10
5/16/2000,276.00
5/17/2000,273.10
5/18/2000,272.80
5/19/2000,273.20
5/22/2000,274.00
5/23/2000,274.10
5/24/2000,273.70
5/25/2000,273.40
5/26/2000,271.30
5/29/2000,271.30
5/30/2000,273.20
5/31/2000,272.30
6/1/2000,272.50
6/2/2000,281.60
6/5/2000,283.30
6/6/2000,288.40
6/7/2000,284.10
6/8/2000,285.80
6/9/2000,284.40
6/12/2000,284.60
6/13/2000,291.50
6/14/2000,287.20
6/15/2000,287.40
6/16/2000,290.10
6/19/2000,285.90
6/20/2000,286.20
6/21/2000,286.10
6/22/2000,287.70
6/23/2000,285.80
6/26/2000,284.10
6/27/2000,283.80
6/28/2000,288.00
6/29/2000,289.80
6/30/2000,288.20
7/3/2000,287.70
7/4/2000,286.50
7/5/2000,286.90
7/6/2000,284.90
7/7/2000,282.90
7/10/2000,284.10
7/11/2000,282.90
7/12/2000,280.00
7/13/2000,280.80
7/14/2000,280.30
7/17/2000,282.50
7/18/2000,282.80
7/19/2000,279.20
7/20/2000,279.40
7/21/2000,279.30
7/24/2000,279.80
7/25/2000,279.70
7/26/2000,279.40
7/27/2000,279.90
7/28/2000,278.10
7/31/2000,276.80
8/1/2000,277.60
8/2/2000,277.60
8/3/2000,275.50
8/4/2000,274.00
8/7/2000,273.20
8/8/2000,273.10
8/9/2000,272.00
8/10/2000,272.20
8/11/2000,272.70
8/14/2000,275.50
8/15/2000,274.20
8/16/2000,276.40
8/17/2000,277.20
8/18/2000,275.60
8/21/2000,274.60
8/22/2000,273.40
8/23/2000,273.20
8/24/2000,272.60
8/25/2000,273.70
8/28/2000,273.70
8/29/2000,274.00
8/30/2000,273.30
8/31/2000,277.00
9/1/2000,277.00
9/4/2000,276.70
9/5/2000,275.00
9/6/2000,274.20
9/7/2000,272.70
9/8/2000,272.80
9/11/2000,272.60
9/12/2000,274.70
9/13/2000,272.50
9/14/2000,273.10
9/15/2000,272.60
9/18/2000,273.00
9/19/2000,271.90
9/20/2000,271.40
9/21/2000,269.50
9/22/2000,274.00
9/25/2000,272.90
9/26/2000,274.90
9/27/2000,276.20
9/28/2000,276.40
9/29/2000,273.70
10/2/2000,273.10
10/3/2000,272.10
10/4/2000,271.40
10/5/2000,270.40
10/6/2000,270.00
10/9/2000,270.00
10/10/2000,270.50
10/11/2000,272.80
10/12/2000,274.00
10/13/2000,273.30
10/16/2000,271.60
10/17/2000,270.30
10/18/2000,272.00
10/19/2000,270.30
10/20/2000,270.50
10/23/2000,271.50
10/24/2000,270.20
10/25/2000,266.80
10/26/2000,266.40
10/27/2000,263.80
10/30/2000,264.80
10/31/2000,264.50
11/1/2000,265.50
11/2/2000,264.90
11/3/2000,264.70
11/6/2000,265.70
11/7/2000,265.50
11/8/2000,264.10
11/9/2000,264.70
11/10/2000,264.90
11/13/2000,264.90
11/14/2000,265.00
11/15/2000,264.60
11/16/2000,266.70
11/17/2000,265.30
11/20/2000,266.20
11/21/2000,266.20
11/22/2000,266.20
11/23/2000,265.70
11/24/2000,265.60
11/27/2000,268.20
11/28/2000,270.00
11/29/2000,269.10
11/30/2000,269.10
12/1/2000,269.20
12/4/2000,270.70
12/5/2000,270.80
12/6/2000,271.60
12/7/2000,273.90
12/8/2000,273.00
12/11/2000,270.70
12/12/2000,270.80
12/13/2000,269.60
12/14/2000,269.30
12/15/2000,270.40
12/18/2000,270.20
12/19/2000,269.60
12/20/2000,272.50
12/21/2000,273.10
12/22/2000,273.10
12/25/2000,273.10
12/26/2000,273.10
12/27/2000,275.10
12/28/2000,274.50
12/29/2000,274.50
1/1/2001,274.50
1/2/2001,271.10
1/3/2001,267.20
1/4/2001,267.10
1/5/2001,267.40
1/8/2001,268.30
1/9/2001,267.00
1/10/2001,266.30
1/11/2001,264.20
1/12/2001,263.70
1/15/2001,263.50
1/16/2001,264.50
1/17/2001,263.50
1/18/2001,264.90
1/19/2001,264.90
1/22/2001,266.20
1/23/2001,266.10
1/24/2001,264.30
1/25/2001,264.90
1/26/2001,263.60
1/29/2001,262.90
1/30/2001,265.00
1/31/2001,264.50
2/1/2001,267.70
2/2/2001,266.70
2/5/2001,265.50
2/6/2001,262.70
2/7/2001,263.20
2/8/2001,263.00
2/9/2001,259.90
2/12/2001,261.10
2/13/2001,260.80
2/14/2001,260.30
2/15/2001,258.60
2/16/2001,257.50
2/19/2001,259.50
2/20/2001,256.30
2/21/2001,257.50
2/22/2001,258.90
2/23/2001,260.50
2/26/2001,263.20
2/27/2001,268.30
2/28/2001,266.70
3/1/2001,266.40
3/2/2001,263.10
3/5/2001,262.50
3/6/2001,261.90
3/7/2001,260.70
3/8/2001,263.70
3/9/2001,269.80
3/12/2001,272.50
3/13/2001,269.30
3/14/2001,263.90
3/15/2001,262.10
3/16/2001,260.70
3/19/2001,260.60
3/20/2001,261.60
3/21/2001,262.00
3/22/2001,261.20
3/23/2001,262.90
3/26/2001,262.20
3/27/2001,262.00
3/28/2001,260.20
3/29/2001,260.20
3/30/2001,257.70
4/2/2001,256.00
4/3/2001,257.10
4/4/2001,259.50
4/5/2001,258.10
4/6/2001,258.80
4/9/2001,259.00
4/10/2001,256.70
4/11/2001,257.70
4/12/2001,259.30
4/13/2001,259.30
4/16/2001,259.30
4/17/2001,260.60
4/18/2001,258.90
4/19/2001,263.10
4/20/2001,263.90
4/23/2001,262.60
4/24/2001,263.40
4/25/2001,263.50
4/26/2001,263.50
4/27/2001,264.60
4/30/2001,263.20
5/1/2001,264.00
5/2/2001,264.00
5/3/2001,266.40
5/4/2001,266.60
5/7/2001,266.60
5/8/2001,265.20
5/9/2001,267.90
5/10/2001,268.50
5/11/2001,269.10
5/14/2001,268.40
5/15/2001,266.60
5/16/2001,270.90
5/17/2001,274.00
5/18/2001,273.00
5/21/2001,291.30
5/22/2001,284.20
5/23/2001,283.20
5/24/2001,286.10
5/25/2001,276.30
5/28/2001,276.30
5/29/2001,275.80
5/30/2001,271.00
5/31/2001,267.50
6/1/2001,265.40
6/4/2001,266.50
6/5/2001,265.70
6/6/2001,265.50
6/7/2001,266.10
6/8/2001,267.00
6/11/2001,268.50
6/12/2001,269.90
6/13/2001,272.00
6/14/2001,272.40
6/15/2001,272.20
6/18/2001,272.00
6/19/2001,273.40
6/20/2001,271.50
6/21/2001,271.70
6/22/2001,273.30
6/25/2001,272.90
6/26/2001,274.00
6/27/2001,274.80
6/28/2001,269.50
6/29/2001,270.60
7/2/2001,268.40
7/3/2001,268.50
7/4/2001,267.60
7/5/2001,266.30
7/6/2001,265.10
7/9/2001,266.10
7/10/2001,267.50
7/11/2001,267.60
7/12/2001,266.30
7/13/2001,266.40
7/16/2001,268.30
7/17/2001,267.60
7/18/2001,268.60
7/19/2001,270.30
7/20/2001,269.70
7/23/2001,268.70
7/24/2001,268.80
7/25/2001,268.40
7/26/2001,267.50
7/27/2001,266.20
7/30/2001,266.30
7/31/2001,265.90
8/1/2001,267.40
8/2/2001,267.00
8/3/2001,267.90
8/6/2001,267.20
8/7/2001,266.50
8/8/2001,266.40
8/9/2001,270.00
8/10/2001,275.80
8/13/2001,275.60
8/14/2001,274.50
8/15/2001,275.40
8/16/2001,275.90
8/17/2001,277.50
8/20/2001,276.70
8/21/2001,276.30
8/22/2001,275.90
8/23/2001,274.90
8/24/2001,272.80
8/27/2001,272.80
8/28/2001,271.10
8/29/2001,272.90
8/30/2001,272.30
8/31/2001,273.00
9/3/2001,273.40
9/4/2001,272.30
9/5/2001,271.30
9/6/2001,272.10
9/7/2001,273.60
9/10/2001,271.50
9/11/2001,287.00
9/12/2001,279.00
9/13/2001,280.30
9/14/2001,285.80
9/17/2001,293.30
9/18/2001,289.40
9/19/2001,288.10
9/20/2001,288.50
9/21/2001,292.50
9/24/2001,288.20
9/25/2001,288.00
9/26/2001,291.50
9/27/2001,289.80
9/28/2001,293.10
10/1/2001,290.60
10/2/2001,291.70
10/3/2001,290.10
10/4/2001,290.40
10/5/2001,291.20
10/8/2001,291.90
10/9/2001,290.00
10/10/2001,287.20
10/11/2001,281.90
10/12/2001,281.80
10/15/2001,281.90
10/16/2001,281.10
10/17/2001,281.60
10/18/2001,281.00
10/19/2001,279.20
10/22/2001,275.90
10/23/2001,276.10
10/24/2001,275.50
10/25/2001,276.70
10/26/2001,277.30
10/29/2001,278.60
10/30/2001,280.40
10/31/2001,278.80
11/1/2001,280.60
11/2/2001,279.90
11/5/2001,278.30
11/6/2001,279.00
11/7/2001,280.30
11/8/2001,280.00
11/9/2001,277.20
11/12/2001,280.00
11/13/2001,276.50
11/14/2001,278.30
11/15/2001,275.50
11/16/2001,274.50
11/19/2001,273.60
11/20/2001,273.00
11/21/2001,272.80
11/22/2001,272.80
11/23/2001,273.10
11/26/2001,272.60
11/27/2001,273.30
11/28/2001,274.40
11/29/2001,274.80
11/30/2001,275.50
12/3/2001,276.40
12/4/2001,276.60
12/5/2001,275.00
12/6/2001,274.60
12/7/2001,274.10
12/10/2001,272.70
12/11/2001,272.20
12/12/2001,273.50
12/13/2001,274.40
12/14/2001,277.10
12/17/2001,277.80
12/18/2001,278.90
12/19/2001,278.70
12/20/2001,276.10
12/21/2001,277.50
12/24/2001,277.50
12/25/2001,277.50
12/26/2001,277.50
12/27/2001,277.70
12/28/2001,276.50
12/31/2001,276.50
1/1/2002,276.50
1/2/2002,278.40
1/3/2002,278.80
1/4/2002,277.80
1/7/2002,278.60
1/8/2002,278.60
1/9/2002,281.10
1/10/2002,286.90
1/11/2002,285.80
1/14/2002,286.40
1/15/2002,284.20
1/16/2002,284.60
1/17/2002,285.00
1/18/2002,283.20
1/21/2002,282.30
1/22/2002,282.10
1/23/2002,280.80
1/24/2002,279.20
1/25/2002,279.00
1/28/2002,279.10
1/29/2002,277.90
1/30/2002,281.50
1/31/2002,282.30
2/1/2002,283.90
2/4/2002,287.40
2/5/2002,292.00
2/6/2002,299.50
2/7/2002,299.50
2/8/2002,304.30
2/11/2002,297.80
2/12/2002,298.90
2/13/2002,297.40
2/14/2002,299.00
2/15/2002,299.90
2/18/2002,297.40
2/19/2002,296.50
2/20/2002,291.30
2/21/2002,292.20
2/22/2002,292.80
2/25/2002,292.00
2/26/2002,294.20
2/27/2002,297.40
2/28/2002,296.90
3/1/2002,295.40
3/4/2002,297.40
3/5/2002,297.80
3/6/2002,292.70
3/7/2002,291.00
3/8/2002,289.20
3/11/2002,291.20
3/12/2002,293.60
3/13/2002,293.20
3/14/2002,291.20
3/15/2002,290.30
3/18/2002,292.10
3/19/2002,293.10
3/20/2002,291.90
3/21/2002,292.80
3/22/2002,294.30
3/25/2002,297.70
3/26/2002,296.10
3/27/2002,299.00
3/28/2002,301.40
3/29/2002,301.40
4/1/2002,301.40
4/2/2002,304.00
4/3/2002,303.80
4/4/2002,301.70
4/5/2002,301.00
4/8/2002,300.50
4/9/2002,298.70
4/10/2002,298.00
4/11/2002,301.30
4/12/2002,300.40
4/15/2002,300.10
4/16/2002,297.80
4/17/2002,300.90
4/18/2002,304.30
4/19/2002,301.80
4/22/2002,303.70
4/23/2002,302.70
4/24/2002,304.20
4/25/2002,307.30
4/26/2002,306.60
4/29/2002,309.70
4/30/2002,308.20
5/1/2002,308.40
5/2/2002,307.60
5/3/2002,310.50
5/6/2002,310.50
5/7/2002,312.00
5/8/2002,310.50
5/9/2002,308.90
5/10/2002,311.20
5/13/2002,310.80
5/14/2002,308.40
5/15/2002,308.30
5/16/2002,310.10
5/17/2002,310.60
5/20/2002,311.50
5/21/2002,315.20
5/22/2002,317.10
5/23/2002,317.20
5/24/2002,321.00
5/27/2002,320.10
5/28/2002,320.20
5/29/2002,327.10
5/30/2002,326.00
5/31/2002,326.60
6/3/2002,326.60
6/4/2002,326.60
6/5/2002,322.00
6/6/2002,324.10
6/7/2002,326.40
6/10/2002,322.50
6/11/2002,316.80
6/12/2002,319.80
6/13/2002,318.80
6/14/2002,322.10
6/17/2002,317.80
6/18/2002,318.40
6/19/2002,320.70
6/20/2002,322.40
6/21/2002,322.70
6/24/2002,326.40
6/25/2002,321.70
6/26/2002,321.60
6/27/2002,318.80
6/28/2002,318.50
7/1/2002,312.10
7/2/2002,314.50
7/3/2002,310.90
7/4/2002,310.60
7/5/2002,311.30
7/8/2002,311.70
7/9/2002,313.80
7/10/2002,314.80
7/11/2002,314.20
7/12/2002,316.70
7/15/2002,319.00
7/16/2002,318.30
7/17/2002,316.20
7/18/2002,317.70
7/19/2002,322.90
7/22/2002,322.90
7/23/2002,319.70
7/24/2002,311.30
7/25/2002,309.50
7/26/2002,305.00
7/29/2002,303.00
7/30/2002,305.40
7/31/2002,304.70
8/1/2002,302.30
8/2/2002,305.10
8/5/2002,309.50
8/6/2002,305.80
8/7/2002,312.20
8/8/2002,312.20
8/9/2002,313.00
8/12/2002,316.70
8/13/2002,313.80
8/14/2002,315.70
8/15/2002,312.70
8/16/2002,314.20
8/19/2002,310.10
8/20/2002,308.00
8/21/2002,306.60
8/22/2002,305.40
8/23/2002,306.00
8/26/2002,306.00
8/27/2002,310.50
8/28/2002,311.10
8/29/2002,312.10
8/30/2002,312.80
9/2/2002,312.00
9/3/2002,313.50
9/4/2002,313.00
9/5/2002,317.60
9/6/2002,319.30
9/9/2002,322.50
9/10/2002,319.10
9/11/2002,315.50
9/12/2002,318.90
9/13/2002,318.80
9/16/2002,315.40
9/17/2002,315.90
9/18/2002,318.70
9/19/2002,322.30
9/20/2002,322.30
9/23/2002,322.50
9/24/2002,326.30
9/25/2002,325.20
9/26/2002,319.60
9/27/2002,320.10
9/30/2002,323.70
10/1/2002,321.80
10/2/2002,322.20
10/3/2002,322.10
10/4/2002,320.30
10/7/2002,321.80
10/8/2002,319.00
10/9/2002,319.40
10/10/2002,319.00
10/11/2002,316.90
10/14/2002,317.80
10/15/2002,316.20
10/16/2002,314.10
10/17/2002,310.80
10/18/2002,312.80
10/21/2002,312.60
10/22/2002,312.60
10/23/2002,312.10
10/24/2002,311.80
10/25/2002,313.00
10/28/2002,314.50
10/29/2002,317.20
10/30/2002,316.60
10/31/2002,316.90
11/1/2002,319.90
11/4/2002,317.60
11/5/2002,318.50
11/6/2002,317.30
11/7/2002,319.30
11/8/2002,321.70
11/11/2002,320.70
11/12/2002,321.80
11/13/2002,324.00
11/14/2002,318.60
11/15/2002,319.10
11/18/2002,318.80
11/19/2002,319.70
11/20/2002,318.90
11/21/2002,317.70
11/22/2002,317.70
11/25/2002,317.50
11/26/2002,317.50
11/27/2002,317.90
11/28/2002,317.60
11/29/2002,319.10
12/2/2002,316.50
12/3/2002,319.70
12/4/2002,322.10
12/5/2002,322.50
12/6/2002,325.80
12/9/2002,325.10
12/10/2002,323.10
12/11/2002,324.30
12/12/2002,326.40
12/13/2002,332.20
12/16/2002,333.00
12/17/2002,339.00
12/18/2002,338.00
12/19/2002,345.00
12/20/2002,341.60
12/23/2002,344.00
12/24/2002,344.00
12/25/2002,344.00
12/26/2002,344.00
12/27/2002,349.30
12/30/2002,347.20
12/31/2002,347.20
1/1/2003,347.20
1/2/2003,343.80
1/3/2003,344.50
1/6/2003,351.80
1/7/2003,349.00
1/8/2003,349.80
1/9/2003,352.40
1/10/2003,353.00
1/13/2003,352.60
1/14/2003,353.10
1/15/2003,351.00
1/16/2003,352.30
1/17/2003,357.00
1/20/2003,355.90
1/21/2003,353.80
1/22/2003,358.50
1/23/2003,364.70
1/24/2003,366.00
1/27/2003,368.50
1/28/2003,368.40
1/29/2003,369.90
1/30/2003,367.60
1/31/2003,367.50
2/3/2003,369.50
2/4/2003,376.60
2/5/2003,382.10
2/6/2003,375.80
2/7/2003,373.30
2/10/2003,370.50
2/11/2003,364.00
2/12/2003,356.30
2/13/2003,352.80
2/14/2003,354.30
2/17/2003,347.00
2/18/2003,344.10
2/19/2003,346.00
2/20/2003,351.60
2/21/2003,352.30
2/24/2003,355.20
2/25/2003,357.60
2/26/2003,351.90
2/27/2003,351.30
2/28/2003,347.50
3/3/2003,345.50
3/4/2003,353.40
3/5/2003,354.00
3/6/2003,354.70
3/7/2003,350.80
3/10/2003,354.50
3/11/2003,348.70
3/12/2003,346.10
3/13/2003,334.50
3/14/2003,335.20
3/17/2003,340.80
3/18/2003,338.80
3/19/2003,335.80
3/20/2003,335.80
3/21/2003,333.50
3/24/2003,329.50
3/25/2003,331.90
3/26/2003,330.00
3/27/2003,332.80
3/28/2003,330.80
3/31/2003,334.90
4/1/2003,334.40
4/2/2003,329.30
4/3/2003,323.70
4/4/2003,323.80
4/7/2003,319.90
4/8/2003,323.40
4/9/2003,321.40
4/10/2003,324.60
4/11/2003,324.80
4/14/2003,326.00
4/15/2003,325.50
4/16/2003,324.10
4/17/2003,327.00
4/18/2003,327.00
4/21/2003,327.00
4/22/2003,334.90
4/23/2003,333.30
4/24/2003,333.70
4/25/2003,333.30
4/28/2003,332.60
4/29/2003,331.40
4/30/2003,336.80
5/1/2003,341.20
5/2/2003,340.50
5/5/2003,340.50
5/6/2003,342.90
5/7/2003,341.90
5/8/2003,346.50
5/9/2003,347.90
5/12/2003,351.10
5/13/2003,350.40
5/14/2003,353.60
5/15/2003,354.30
5/16/2003,355.00
5/19/2003,359.00
5/20/2003,366.30
5/21/2003,367.80
5/22/2003,369.60
5/23/2003,370.50
5/26/2003,370.50
5/27/2003,371.40
5/28/2003,359.50
5/29/2003,363.10
5/30/2003,361.40
6/2/2003,364.80
6/3/2003,365.00
6/4/2003,364.20
6/5/2003,366.80
6/6/2003,363.00
6/9/2003,362.80
6/10/2003,354.30
6/11/2003,354.30
6/12/2003,352.30
6/13/2003,353.10
6/16/2003,358.30
6/17/2003,362.80
6/18/2003,359.80
6/19/2003,357.70
6/20/2003,358.00
6/23/2003,355.00
6/24/2003,348.30
6/25/2003,348.10
6/26/2003,343.90
6/27/2003,345.50
6/30/2003,346.00
7/1/2003,350.20
7/2/2003,351.50
7/3/2003,349.40
7/4/2003,351.30
7/7/2003,348.20
7/8/2003,347.20
7/9/2003,344.20
7/10/2003,343.40
7/11/2003,343.70
7/14/2003,347.50
7/15/2003,348.30
7/16/2003,343.20
7/17/2003,342.50
7/18/2003,344.40
7/21/2003,350.00
7/22/2003,352.00
7/23/2003,354.80
7/24/2003,357.30
7/25/2003,363.00
7/28/2003,365.60
7/29/2003,363.50
7/30/2003,357.80
7/31/2003,354.80
8/1/2003,352.40
8/4/2003,347.50
8/5/2003,348.40
8/6/2003,352.00
8/7/2003,351.60
8/8/2003,354.00
8/11/2003,359.20
8/12/2003,360.10
8/13/2003,358.70
8/14/2003,363.60
8/15/2003,364.50
8/18/2003,360.30
8/19/2003,360.40
8/20/2003,363.70
8/21/2003,363.30
8/22/2003,358.80
8/25/2003,358.80
8/26/2003,360.50
8/27/2003,371.30
8/28/2003,369.80
8/29/2003,375.60
9/1/2003,376.30
9/2/2003,373.70
9/3/2003,370.00
9/4/2003,370.80
9/5/2003,375.80
9/8/2003,374.70
9/9/2003,382.30
9/10/2003,380.00
9/11/2003,376.30
9/12/2003,378.30
9/15/2003,373.50
9/16/2003,374.60
9/17/2003,374.30
9/18/2003,378.30
9/19/2003,379.80
9/22/2003,385.50
9/23/2003,384.60
9/24/2003,385.00
9/25/2003,390.70
9/26/2003,382.70
9/29/2003,382.00
9/30/2003,388.00
10/1/2003,383.50
10/2/2003,382.20
10/3/2003,384.30
10/6/2003,371.30
10/7/2003,376.10
10/8/2003,375.30
10/9/2003,370.60
10/10/2003,372.30
10/13/2003,370.30
10/14/2003,374.00
10/15/2003,373.50
10/16/2003,373.40
10/17/2003,370.50
10/20/2003,373.80
10/21/2003,378.20
10/22/2003,384.80
10/23/2003,384.50
10/24/2003,388.30
10/27/2003,386.00
10/28/2003,384.40
10/29/2003,385.40
10/30/2003,386.50
10/31/2003,386.30
11/3/2003,383.30
11/4/2003,377.90
11/5/2003,378.80
11/6/2003,380.30
11/7/2003,379.00
11/10/2003,383.50
11/11/2003,387.80
11/12/2003,389.70
11/13/2003,395.40
11/14/2003,396.70
11/17/2003,393.70
11/18/2003,393.90
11/19/2003,395.20
11/20/2003,394.30
11/21/2003,395.50
11/24/2003,391.90
11/25/2003,391.80
11/26/2003,396.00
11/27/2003,395.50
11/28/2003,398.40
12/1/2003,400.30
12/2/2003,401.40
12/3/2003,401.80
12/4/2003,402.30
12/5/2003,402.40
12/8/2003,406.20
12/9/2003,407.80
12/10/2003,410.00
12/11/2003,404.10
12/12/2003,407.10
12/15/2003,407.50
12/16/2003,408.00
12/17/2003,408.30
12/18/2003,407.50
12/19/2003,409.80
12/22/2003,410.50
12/23/2003,409.30
12/24/2003,409.30
12/25/2003,409.30
12/26/2003,409.30
12/29/2003,412.00
12/30/2003,416.30
12/31/2003,416.30
1/1/2004,416.30
1/2/2004,415.30
1/5/2004,420.60
1/6/2004,424.40
1/7/2004,421.80
1/8/2004,421.00
1/9/2004,423.40
1/12/2004,425.30
1/13/2004,425.50
1/14/2004,419.50
1/15/2004,412.50
1/16/2004,408.40
1/19/2004,406.60
1/20/2004,409.30
1/21/2004,407.60
1/22/2004,409.30
1/23/2004,409.00
1/26/2004,408.20
1/27/2004,405.70
1/28/2004,411.00
1/29/2004,405.70
1/30/2004,399.80
2/2/2004,398.40
2/3/2004,401.50
2/4/2004,399.30
2/5/2004,399.60
2/6/2004,404.30
2/9/2004,406.00
2/10/2004,408.60
2/11/2004,405.80
2/12/2004,411.60
2/13/2004,416.00
2/16/2004,411.70
2/17/2004,414.50
2/18/2004,414.50
2/19/2004,409.80
2/20/2004,405.30
2/23/2004,399.50
2/24/2004,402.30
2/25/2004,400.30
2/26/2004,393.30
2/27/2004,395.90
3/1/2004,400.00
3/2/2004,395.80
3/3/2004,390.50
3/4/2004,392.00
3/5/2004,399.30
3/8/2004,399.90
3/9/2004,401.50
3/10/2004,400.30
3/11/2004,398.50
3/12/2004,398.00
3/15/2004,398.10
3/16/2004,402.50
3/17/2004,402.80
3/18/2004,410.80
3/19/2004,412.00
3/22/2004,417.70
3/23/2004,416.30
3/24/2004,415.30
3/25/2004,416.10
3/26/2004,421.50
3/29/2004,421.30
3/30/2004,420.00
3/31/2004,423.70
4/1/2004,427.30
4/2/2004,419.00
4/5/2004,417.70
4/6/2004,418.50
4/7/2004,419.00
4/8/2004,419.50
4/9/2004,419.50
4/12/2004,419.50
4/13/2004,407.90
4/14/2004,397.80
4/15/2004,398.30
4/16/2004,400.90
4/19/2004,403.10
4/20/2004,396.90
4/21/2004,392.80
4/22/2004,392.30
4/23/2004,394.50
4/26/2004,397.00
4/27/2004,396.30
4/28/2004,392.30
4/29/2004,386.00
4/30/2004,388.50
5/3/2004,388.50
5/4/2004,391.30
5/5/2004,392.60
5/6/2004,387.50
5/7/2004,380.80
5/10/2004,375.00
5/11/2004,375.30
5/12/2004,382.20
5/13/2004,375.20
5/14/2004,376.50
5/17/2004,383.00
5/18/2004,377.70
5/19/2004,380.80
5/20/2004,379.50
5/21/2004,385.30
5/24/2004,384.00
5/25/2004,388.90
5/26/2004,389.70
5/27/2004,393.60
5/28/2004,393.30
5/31/2004,393.30
6/1/2004,397.20
6/2/2004,394.90
6/3/2004,390.40
6/4/2004,388.30
6/7/2004,393.60
6/8/2004,392.40
6/9/2004,386.90
6/10/2004,385.00
6/11/2004,384.90
6/14/2004,385.10
6/15/2004,386.50
6/16/2004,385.30
6/17/2004,386.10
6/18/2004,395.10
6/21/2004,395.30
6/22/2004,395.80
6/23/2004,393.90
6/24/2004,400.00
6/25/2004,401.50
6/28/2004,404.30
6/29/2004,394.40
6/30/2004,395.80
7/1/2004,394.80
7/2/2004,397.80
7/5/2004,398.30
7/6/2004,394.50
7/7/2004,399.70
7/8/2004,405.40
7/9/2004,406.50
7/12/2004,406.40
7/13/2004,400.90
7/14/2004,403.80
7/15/2004,403.20
7/16/2004,406.30
7/19/2004,406.40
7/20/2004,400.00
7/21/2004,398.50
7/22/2004,397.80
7/23/2004,391.50
7/26/2004,390.80
7/27/2004,389.90
7/28/2004,387.30
7/29/2004,387.30
7/30/2004,391.40
8/2/2004,391.50
8/3/2004,391.00
8/4/2004,391.50
8/5/2004,390.90
8/6/2004,399.00
8/9/2004,399.00
8/10/2004,399.50
8/11/2004,393.90
8/12/2004,394.20
8/13/2004,396.80
8/16/2004,401.70
8/17/2004,401.30
8/18/2004,402.50
8/19/2004,406.50
8/20/2004,410.60
8/23/2004,410.60
8/24/2004,406.20
8/25/2004,406.00
8/26/2004,406.10
8/27/2004,405.10
8/30/2004,405.10
8/31/2004,407.30
9/1/2004,407.70
9/2/2004,406.10
9/3/2004,401.20
9/6/2004,401.60
9/7/2004,398.10
9/8/2004,396.30
9/9/2004,398.70
9/10/2004,401.40
9/13/2004,399.30
9/14/2004,405.30
9/15/2004,404.50
9/16/2004,403.40
9/17/2004,405.70
9/20/2004,404.30
9/21/2004,408.50
9/22/2004,405.40
9/23/2004,411.50
9/24/2004,407.90
9/27/2004,409.20
9/28/2004,411.70
9/29/2004,413.00
9/30/2004,415.70
10/1/2004,418.10
10/4/2004,412.60
10/5/2004,415.40
10/6/2004,418.50
10/7/2004,418.10
10/8/2004,421.80
10/11/2004,421.70
10/12/2004,414.70
10/13/2004,411.30
10/14/2004,415.40
10/15/2004,420.40
10/18/2004,419.10
10/19/2004,419.40
10/20/2004,423.60
10/21/2004,422.50
10/22/2004,422.80
10/25/2004,429.20
10/26/2004,427.50
10/27/2004,428.30
10/28/2004,424.20
10/29/2004,425.60
11/1/2004,428.90
11/2/2004,424.20
11/3/2004,423.50
11/4/2004,430.50
11/5/2004,431.00
11/8/2004,431.90
11/9/2004,433.70
11/10/2004,433.40
11/11/2004,433.80
11/12/2004,436.10
11/15/2004,437.60
11/16/2004,439.40
11/17/2004,443.50
11/18/2004,442.00
11/19/2004,445.60
11/22/2004,447.80
11/23/2004,448.20
11/24/2004,448.60
11/25/2004,451.20
11/26/2004,451.00
11/29/2004,451.30
11/30/2004,453.40
12/1/2004,452.90
12/2/2004,454.20
12/3/2004,448.70
12/6/2004,453.10
12/7/2004,451.80
12/8/2004,436.90
12/9/2004,437.10
12/10/2004,434.00
12/13/2004,435.10
12/14/2004,437.10
12/15/2004,439.00
12/16/2004,439.50
12/17/2004,438.90
12/20/2004,442.50
12/21/2004,441.00
12/22/2004,441.00
12/23/2004,441.10
12/24/2004,441.10
12/27/2004,441.10
12/28/2004,441.10
12/29/2004,440.30
12/30/2004,435.60
12/31/2004,435.60
1/3/2005,435.60
1/4/2005,427.80
1/5/2005,426.00
1/6/2005,424.40
1/7/2005,422.20
1/10/2005,420.00
1/11/2005,421.40
1/12/2005,426.60
1/13/2005,423.60
1/14/2005,422.50
1/17/2005,422.30
1/18/2005,421.80
1/19/2005,425.00
1/20/2005,422.90
1/21/2005,423.30
1/24/2005,427.40
1/25/2005,424.50
1/26/2005,425.80
1/27/2005,424.50
1/28/2005,426.80
1/31/2005,422.20
2/1/2005,420.90
2/2/2005,421.60
2/3/2005,416.50
2/4/2005,415.90
2/7/2005,414.40
2/8/2005,411.10
2/9/2005,411.20
2/10/2005,415.50
2/11/2005,418.90
2/14/2005,424.20
2/15/2005,424.40
2/16/2005,423.10
2/17/2005,426.30
2/18/2005,427.10
2/21/2005,427.20
2/22/2005,432.90
2/23/2005,432.60
2/24/2005,433.80
2/25/2005,434.30
2/28/2005,435.50
3/1/2005,433.50
3/2/2005,431.80
3/3/2005,430.20
3/4/2005,433.50
3/7/2005,433.00
3/8/2005,437.30
3/9/2005,439.50
3/10/2005,440.90
3/11/2005,443.70
3/14/2005,442.00
3/15/2005,440.70
3/16/2005,443.00
3/17/2005,438.60
3/18/2005,437.20
3/21/2005,432.70
3/22/2005,432.20
3/23/2005,426.20
3/24/2005,425.20
3/25/2005,425.20
3/28/2005,425.20
3/29/2005,426.10
3/30/2005,426.50
3/31/2005,427.50
4/1/2005,427.20
4/4/2005,423.90
4/5/2005,424.60
4/6/2005,425.80
4/7/2005,428.00
4/8/2005,425.20
4/11/2005,429.00
4/12/2005,427.30
4/13/2005,427.50
4/14/2005,423.50
4/15/2005,424.60
4/18/2005,425.80
4/19/2005,427.50
4/20/2005,433.20
4/21/2005,434.00
4/22/2005,434.60
4/25/2005,432.90
4/26/2005,437.00
4/27/2005,434.40
4/28/2005,432.50
4/29/2005,435.70
5/2/2005,435.70
5/3/2005,427.90
5/4/2005,428.80
5/5/2005,429.20
5/6/2005,425.20
5/9/2005,425.50
5/10/2005,427.40
5/11/2005,426.10
5/12/2005,424.30
5/13/2005,420.00
5/16/2005,419.30
5/17/2005,420.00
5/18/2005,419.80
5/19/2005,420.80
5/20/2005,418.00
5/23/2005,418.00
5/24/2005,418.30
5/25/2005,418.40
5/26/2005,418.00
5/27/2005,418.30
5/30/2005,418.30
5/31/2005,414.50
6/1/2005,415.40
6/2/2005,420.40
6/3/2005,423.60
6/6/2005,425.90
6/7/2005,424.10
6/8/2005,424.60
6/9/2005,422.50
6/10/2005,422.60
6/13/2005,429.10
6/14/2005,426.90
6/15/2005,428.70
6/16/2005,433.00
6/17/2005,437.50
6/20/2005,439.40
6/21/2005,435.20
6/22/2005,437.00
6/23/2005,439.20
6/24/2005,440.60
6/27/2005,439.30
6/28/2005,437.00
6/29/2005,435.80
6/30/2005,437.10
7/1/2005,432.60
7/4/2005,427.40
7/5/2005,423.80
7/6/2005,423.50
7/7/2005,425.20
7/8/2005,424.40
7/11/2005,424.20
7/12/2005,426.30
7/13/2005,424.50
7/14/2005,424.30
7/15/2005,418.40
7/18/2005,420.90
7/19/2005,419.30
7/20/2005,422.20
7/21/2005,424.30
7/22/2005,425.00
7/25/2005,425.40
7/26/2005,423.30
7/27/2005,424.00
7/28/2005,426.40
7/29/2005,429.00
8/1/2005,431.70
8/2/2005,431.00
8/3/2005,434.60
8/4/2005,438.60
8/5/2005,438.30
8/8/2005,436.20
8/9/2005,433.30
8/10/2005,436.60
8/11/2005,440.80
8/12/2005,447.30
8/15/2005,443.50
8/16/2005,443.00
8/17/2005,442.00
8/18/2005,439.70
8/19/2005,439.70
8/22/2005,439.70
8/23/2005,439.40
8/24/2005,440.00
8/25/2005,438.90
8/26/2005,436.80
8/29/2005,436.80
8/30/2005,430.70
8/31/2005,433.30
9/1/2005,439.60
9/2/2005,443.60
9/5/2005,446.10
9/6/2005,444.20
9/7/2005,445.10
9/8/2005,448.60
9/9/2005,448.30
9/12/2005,448.40
9/13/2005,445.40
9/14/2005,449.30
9/15/2005,454.80
9/16/2005,457.20
9/19/2005,464.50
9/20/2005,464.80
9/21/2005,469.10
9/22/2005,466.30
9/23/2005,462.70
9/26/2005,461.70
9/27/2005,464.10
9/28/2005,464.00
9/29/2005,472.40
9/30/2005,473.30
10/3/2005,466.10
10/4/2005,467.50
10/5/2005,463.50
10/6/2005,471.80
10/7/2005,472.70
10/10/2005,473.20
10/11/2005,475.50
10/12/2005,475.10
10/13/2005,469.50
10/14/2005,466.00
10/17/2005,474.50
10/18/2005,472.00
10/19/2005,465.90
10/20/2005,464.30
10/21/2005,462.90
10/24/2005,466.10
10/25/2005,472.30
10/26/2005,473.20
10/27/2005,474.40
10/28/2005,470.80
10/31/2005,470.80
11/1/2005,459.50
11/2/2005,460.80
11/3/2005,461.90
11/4/2005,460.50
11/7/2005,456.50
11/8/2005,461.60
11/9/2005,462.60
11/10/2005,467.00
11/11/2005,466.80
11/14/2005,467.50
11/15/2005,468.30
11/16/2005,475.80
11/17/2005,486.20
11/18/2005,485.90
11/21/2005,489.00
11/22/2005,492.60
11/23/2005,487.60
11/24/2005,493.40
11/25/2005,495.90
11/28/2005,496.00
11/29/2005,496.00
11/30/2005,495.70
12/1/2005,499.80
12/2/2005,502.50
12/5/2005,505.70
12/6/2005,504.30
12/7/2005,515.40
12/8/2005,515.70
12/9/2005,525.50
12/12/2005,536.50
12/13/2005,522.50
12/14/2005,509.50
12/15/2005,506.30
12/16/2005,507.00
12/19/2005,508.80
12/20/2005,502.50
12/21/2005,489.00
12/22/2005,500.00
12/23/2005,500.00
12/26/2005,500.00
12/27/2005,500.00
12/28/2005,518.00
12/29/2005,513.00
12/30/2005,513.00
1/2/2006,513.00
1/3/2006,530.00
1/4/2006,529.50
1/5/2006,524.80
1/6/2006,535.30
1/9/2006,541.50
1/10/2006,543.50
1/11/2006,544.40
1/12/2006,542.50
1/13/2006,548.30
1/16/2006,561.80
1/17/2006,553.30
1/18/2006,545.00
1/19/2006,554.80
1/20/2006,567.30
1/23/2006,554.50
1/24/2006,557.30
1/25/2006,561.80
1/26/2006,556.50
1/27/2006,561.80
1/30/2006,565.00
1/31/2006,568.80
2/1/2006,568.30
2/2/2006,572.20
2/3/2006,569.00
2/6/2006,569.80
2/7/2006,558.70
2/8/2006,548.80
2/9/2006,560.30
2/10/2006,557.00
2/13/2006,549.30
2/14/2006,539.70
2/15/2006,540.50
2/16/2006,538.80
2/17/2006,551.70
2/20/2006,554.50
2/21/2006,554.00
2/22/2006,553.00
2/23/2006,551.20
2/24/2006,554.20
2/27/2006,553.30
2/28/2006,556.00
3/1/2006,564.30
3/2/2006,563.80
3/3/2006,565.00
3/6/2006,565.30
3/7/2006,553.00
3/8/2006,544.80
3/9/2006,550.10
3/10/2006,535.00
3/13/2006,543.50
3/14/2006,545.80
3/15/2006,556.50
3/16/2006,552.80
3/17/2006,552.80
3/20/2006,555.80
3/21/2006,547.50
3/22/2006,550.80
3/23/2006,546.50
3/24/2006,556.80
3/27/2006,565.00
3/28/2006,567.50
3/29/2006,565.00
3/30/2006,584.00
3/31/2006,582.00
4/3/2006,587.00
4/4/2006,588.00
4/5/2006,586.50
4/6/2006,592.50
4/7/2006,589.80
4/10/2006,597.30
4/11/2006,597.80
4/12/2006,597.30
4/13/2006,593.00
4/14/2006,593.00
4/17/2006,593.00
4/18/2006,614.80
4/19/2006,624.80
4/20/2006,625.00
4/21/2006,623.50
4/24/2006,622.50
4/25/2006,634.80
4/26/2006,635.50
4/27/2006,638.00
4/28/2006,644.00
5/1/2006,644.00
5/2/2006,661.00
5/3/2006,673.60
5/4/2006,673.50
5/5/2006,678.00
5/8/2006,675.50
5/9/2006,691.30
5/10/2006,699.90
5/11/2006,715.50
5/12/2006,725.00
5/15/2006,687.50
5/16/2006,692.00
5/17/2006,699.50
5/18/2006,693.50
5/19/2006,651.50
5/22/2006,652.50
5/23/2006,666.80
5/24/2006,648.50
5/25/2006,642.50
5/26/2006,642.30
5/29/2006,642.30
5/30/2006,660.50
5/31/2006,653.00
6/1/2006,625.00
6/2/2006,632.30
6/5/2006,641.80
6/6/2006,627.00
6/7/2006,617.80
6/8/2006,614.00
6/9/2006,616.00
6/12/2006,609.20
6/13/2006,586.50
6/14/2006,567.80
6/15/2006,569.50
6/16/2006,574.00
6/19/2006,571.00
6/20/2006,567.00
6/21/2006,574.60
6/22/2006,584.50
6/23/2006,579.60
6/26/2006,583.50
6/27/2006,588.80
6/28/2006,582.80
6/29/2006,589.30
6/30/2006,613.50
7/3/2006,623.00
7/4/2006,622.00
7/5/2006,623.00
7/6/2006,626.00
7/7/2006,631.50
7/10/2006,626.00
7/11/2006,630.80
7/12/2006,650.00
7/13/2006,649.50
7/14/2006,663.30
7/17/2006,652.50
7/18/2006,645.00
7/19/2006,641.60
7/20/2006,642.50
7/21/2006,634.00
7/24/2006,605.70
7/25/2006,618.80
7/26/2006,614.30
7/27/2006,639.00
7/28/2006,637.10
7/31/2006,632.50
8/1/2006,637.30
8/2/2006,654.40
8/3/2006,644.40
8/4/2006,652.30
8/7/2006,649.80
8/8/2006,646.00
8/9/2006,649.00
8/10/2006,644.80
8/11/2006,644.50
8/14/2006,624.60
8/15/2006,625.50
8/16/2006,629.80
8/17/2006,625.50
8/18/2006,613.90
8/21/2006,625.00
8/22/2006,622.80
8/23/2006,628.10
8/24/2006,623.80
8/25/2006,621.30
8/28/2006,621.30
8/29/2006,613.40
8/30/2006,617.80
8/31/2006,623.50
9/1/2006,621.10
9/4/2006,626.80
9/5/2006,637.80
9/6/2006,635.40
9/7/2006,621.50
9/8/2006,610.00
9/11/2006,588.00
9/12/2006,590.70
9/13/2006,589.00
9/14/2006,584.40
9/15/2006,573.60
9/18/2006,580.50
9/19/2006,583.50
9/20/2006,580.30
9/21/2006,578.80
9/22/2006,589.00
9/25/2006,584.80
9/26/2006,591.00
9/27/2006,593.80
9/28/2006,603.00
9/29/2006,599.30
10/2/2006,600.60
10/3/2006,582.30
10/4/2006,573.60
10/5/2006,573.30
10/6/2006,560.80
10/9/2006,575.30
10/10/2006,571.40
10/11/2006,574.10
10/12/2006,573.00
10/13/2006,586.10
10/16/2006,595.10
10/17/2006,590.00
10/18/2006,594.00
10/19/2006,597.30
10/20/2006,596.60
10/23/2006,582.80
10/24/2006,575.60
10/25/2006,580.80
10/26/2006,596.30
10/27/2006,596.30
10/30/2006,608.50
10/31/2006,603.80
11/1/2006,614.10
11/2/2006,620.80
11/3/2006,622.80
11/6/2006,626.10
11/7/2006,625.80
11/8/2006,623.20
11/9/2006,625.30
11/10/2006,629.30
11/13/2006,623.50
11/14/2006,627.00
11/15/2006,617.80
11/16/2006,624.80
11/17/2006,620.50
11/20/2006,625.50
11/21/2006,624.50
11/22/2006,631.80
11/23/2006,630.30
11/24/2006,639.50
11/27/2006,638.80
11/28/2006,637.00
11/29/2006,637.50
11/30/2006,646.70
12/1/2006,648.80
12/4/2006,646.00
12/5/2006,645.90
12/6/2006,636.00
12/7/2006,627.80
12/8/2006,637.40
12/11/2006,626.80
12/12/2006,628.00
12/13/2006,624.00
12/14/2006,627.40
12/15/2006,623.80
12/18/2006,614.00
12/19/2006,620.50
12/20/2006,619.30
12/21/2006,620.50
12/22/2006,620.50
12/25/2006,620.50
12/26/2006,620.50
12/27/2006,628.50
12/28/2006,632.00
12/29/2006,632.00
1/1/2007,632.00
1/2/2007,639.80
1/3/2007,642.60
1/4/2007,628.70
1/5/2007,609.50
1/8/2007,609.50
1/9/2007,609.60
1/10/2007,608.40
1/11/2007,612.00
1/12/2007,619.80
1/15/2007,627.00
1/16/2007,627.10
1/17/2007,626.50
1/18/2007,635.00
1/19/2007,629.00
1/22/2007,639.00
1/23/2007,642.50
1/24/2007,642.10
1/25/2007,651.80
1/26/2007,645.50
1/29/2007,644.80
1/30/2007,645.20
1/31/2007,650.50
2/1/2007,660.20
2/2/2007,645.70
2/5/2007,649.40
2/6/2007,653.30
2/7/2007,653.80
2/8/2007,656.00
2/9/2007,664.50
2/12/2007,664.60
2/13/2007,667.80
2/14/2007,668.30
2/15/2007,664.80
2/16/2007,665.10
2/19/2007,670.80
2/20/2007,663.90
2/21/2007,661.30
2/22/2007,676.60
2/23/2007,683.00
2/26/2007,685.80
2/27/2007,676.20
2/28/2007,664.20
3/1/2007,670.40
3/2/2007,651.90
3/5/2007,636.80
3/6/2007,643.80
3/7/2007,646.40
3/8/2007,654.30
3/9/2007,652.30
3/12/2007,647.80
3/13/2007,650.80
3/14/2007,643.30
3/15/2007,648.50
3/16/2007,653.20
3/19/2007,655.00
3/20/2007,659.00
3/21/2007,658.80
3/22/2007,663.00
3/23/2007,656.30
3/26/2007,663.00
3/27/2007,664.00
3/28/2007,666.80
3/29/2007,661.00
3/30/2007,661.80
4/2/2007,658.30
4/3/2007,664.30
4/4/2007,672.30
4/5/2007,673.50
4/6/2007,673.50
4/9/2007,673.50
4/10/2007,677.40
4/11/2007,678.20
4/12/2007,677.30
4/13/2007,681.80
4/16/2007,686.50
4/17/2007,688.00
4/18/2007,688.80
4/19/2007,681.90
4/20/2007,691.40
4/23/2007,688.70
4/24/2007,688.40
4/25/2007,684.00
4/26/2007,673.00
4/27/2007,677.50
4/30/2007,677.00
5/1/2007,673.60
5/2/2007,669.50
5/3/2007,674.20
5/4/2007,688.80
5/7/2007,688.80
5/8/2007,684.30
5/9/2007,683.00
5/10/2007,673.50
5/11/2007,669.00
5/14/2007,670.20
5/15/2007,668.30
5/16/2007,667.80
5/17/2007,656.80
5/18/2007,657.00
5/21/2007,658.00
5/22/2007,662.00
5/23/2007,662.10
5/24/2007,659.00
5/25/2007,655.30
5/28/2007,655.30
5/29/2007,660.20
5/30/2007,652.70
5/31/2007,659.10
6/1/2007,666.50
6/4/2007,671.10
6/5/2007,671.50
6/6/2007,669.70
6/7/2007,668.80
6/8/2007,655.30
6/11/2007,650.30
6/12/2007,647.30
6/13/2007,647.70
6/14/2007,653.30
6/15/2007,653.10
6/18/2007,656.00
6/19/2007,656.30
6/20/2007,657.70
6/21/2007,650.50
6/22/2007,652.90
6/25/2007,650.80
6/26/2007,647.00
6/27/2007,642.10
6/28/2007,647.30
6/29/2007,650.50
7/2/2007,654.80
7/3/2007,654.30
7/4/2007,654.20
7/5/2007,651.00
7/6/2007,648.80
7/9/2007,661.30
7/10/2007,661.70
7/11/2007,663.00
7/12/2007,667.30
7/13/2007,666.50
7/16/2007,666.00
7/17/2007,666.50
7/18/2007,666.80
7/19/2007,674.50
7/20/2007,681.60
7/23/2007,682.00
7/24/2007,684.30
7/25/2007,674.80
7/26/2007,670.00
7/27/2007,660.50
7/30/2007,661.50
7/31/2007,665.50
8/1/2007,665.80
8/2/2007,666.30
8/3/2007,670.50
8/6/2007,671.50
8/7/2007,668.00
8/8/2007,675.50
8/9/2007,662.60
8/10/2007,668.50
8/13/2007,668.80
8/14/2007,668.40
8/15/2007,667.30
8/16/2007,662.30
8/17/2007,657.50
8/20/2007,659.50
8/21/2007,657.50
8/22/2007,659.50
8/23/2007,660.80
8/24/2007,660.90
8/27/2007,660.90
8/28/2007,666.00
8/29/2007,664.30
8/30/2007,666.00
8/31/2007,672.00
9/3/2007,672.00
9/4/2007,678.80
9/5/2007,680.30
9/6/2007,688.20
9/7/2007,701.00
9/10/2007,703.50
9/11/2007,704.20
9/12/2007,706.00
9/13/2007,704.50
9/14/2007,716.40
9/17/2007,719.00
9/18/2007,714.80
9/19/2007,725.20
9/20/2007,734.50
9/21/2007,737.00
9/24/2007,730.00
9/25/2007,728.50
9/26/2007,734.80
9/27/2007,731.80
9/28/2007,743.00
10/1/2007,742.50
10/2/2007,731.00
10/3/2007,730.30
10/4/2007,725.50
10/5/2007,737.00
10/8/2007,733.80
10/9/2007,736.00
10/10/2007,741.30
10/11/2007,749.00
10/12/2007,749.50
10/15/2007,758.90
10/16/2007,756.80
10/17/2007,762.50
10/18/2007,764.20
10/19/2007,763.00
10/22/2007,751.30
10/23/2007,758.30
10/24/2007,757.50
10/25/2007,767.50
10/26/2007,779.20
10/29/2007,788.50
10/30/2007,783.30
10/31/2007,789.50
11/1/2007,790.30
11/2/2007,796.50
11/5/2007,804.80
11/6/2007,822.50
11/7/2007,834.50
11/8/2007,841.10
11/9/2007,831.50
11/12/2007,803.50
11/13/2007,804.30
11/14/2007,813.50
11/15/2007,794.00
11/16/2007,789.80
11/19/2007,778.90
11/20/2007,795.50
11/21/2007,798.00
11/22/2007,803.30
11/23/2007,815.30
11/26/2007,830.00
11/27/2007,810.80
11/28/2007,801.80
11/29/2007,794.50
11/30/2007,783.50
12/3/2007,784.30
12/4/2007,797.50
12/5/2007,793.00
12/6/2007,801.50
12/7/2007,792.50
12/10/2007,809.50
12/11/2007,808.80
12/12/2007,814.00
12/13/2007,800.70
12/14/2007,789.50
12/17/2007,790.80
12/18/2007,804.30
12/19/2007,799.80
12/20/2007,795.30
12/21/2007,810.50
12/24/2007,810.50
12/25/2007,810.50
12/26/2007,810.50
12/27/2007,829.00
12/28/2007,833.80
12/31/2007,833.80
1/1/2008,833.80
1/2/2008,846.80
1/3/2008,858.90
1/4/2008,855.00
1/7/2008,859.30
1/8/2008,873.50
1/9/2008,877.00
1/10/2008,884.30
1/11/2008,891.00
1/14/2008,902.00
1/15/2008,913.00
1/16/2008,889.80
1/17/2008,888.30
1/18/2008,882.00
1/21/2008,871.30
1/22/2008,875.00
1/23/2008,888.30
1/24/2008,909.30
1/25/2008,918.30
1/28/2008,921.80
1/29/2008,924.50
1/30/2008,919.00
1/31/2008,923.30
2/1/2008,914.80
2/4/2008,893.80
2/5/2008,887.50
2/6/2008,903.00
2/7/2008,899.80
2/8/2008,916.30
2/11/2008,918.00
2/12/2008,917.00
2/13/2008,899.00
2/14/2008,906.00
2/15/2008,912.50
2/18/2008,903.30
2/19/2008,924.00
2/20/2008,920.00
2/21/2008,945.00
2/22/2008,943.00
2/25/2008,937.80
2/26/2008,937.00
2/27/2008,959.50
2/28/2008,959.80
2/29/2008,971.50
3/3/2008,988.50
3/4/2008,984.80
3/5/2008,974.50
3/6/2008,976.50
3/7/2008,972.50
3/10/2008,969.30
3/11/2008,970.00
3/12/2008,975.50
3/13/2008,995.00
3/14/2008,1003.50
3/17/2008,1011.30
3/18/2008,1006.80
3/19/2008,958.50
3/20/2008,925.80
3/21/2008,925.80
3/24/2008,925.80
3/25/2008,926.80
3/26/2008,946.80
3/27/2008,946.80
3/28/2008,934.30
3/31/2008,933.50
4/1/2008,887.80
4/2/2008,890.00
4/3/2008,896.50
4/4/2008,905.50
4/7/2008,926.50
4/8/2008,915.00
4/9/2008,917.00
4/10/2008,928.00
4/11/2008,927.80
4/14/2008,926.50
4/15/2008,929.80
4/16/2008,945.00
4/17/2008,946.00
4/18/2008,908.80
4/21/2008,918.50
4/22/2008,918.00
4/23/2008,898.50
4/24/2008,895.50
4/25/2008,891.50
4/28/2008,890.50
4/29/2008,880.00
4/30/2008,871.00
5/1/2008,853.00
5/2/2008,853.50
5/5/2008,853.50
5/6/2008,880.00
5/7/2008,868.30
5/8/2008,877.00
5/9/2008,876.00
5/12/2008,883.50
5/13/2008,865.00
5/14/2008,866.50
5/15/2008,881.30
5/16/2008,897.00
5/19/2008,906.50
5/20/2008,914.50
5/21/2008,923.00
5/22/2008,922.80
5/23/2008,927.50
5/26/2008,927.50
5/27/2008,906.80
5/28/2008,902.50
5/29/2008,883.00
5/30/2008,885.80
6/2/2008,888.30
6/3/2008,879.30
6/4/2008,883.50
6/5/2008,878.80
6/6/2008,890.50
6/9/2008,896.30
6/10/2008,878.00
6/11/2008,876.30
6/12/2008,862.30
6/13/2008,866.00
6/16/2008,888.30
6/17/2008,881.50
6/18/2008,887.50
6/19/2008,903.00
6/20/2008,907.50
6/23/2008,881.00
6/24/2008,889.50
6/25/2008,882.80
6/26/2008,909.50
6/27/2008,919.50
6/30/2008,930.30
7/1/2008,937.50
7/2/2008,935.30
7/3/2008,934.00
7/4/2008,931.30
7/7/2008,916.80
7/8/2008,921.00
7/9/2008,927.30
7/10/2008,939.50
7/11/2008,962.80
7/14/2008,968.00
7/15/2008,986.00
7/16/2008,977.50
7/17/2008,965.50
7/18/2008,959.80
7/21/2008,960.50
7/22/2008,961.50
7/23/2008,926.50
7/24/2008,928.00
7/25/2008,920.50
7/28/2008,923.50
7/29/2008,916.80
7/30/2008,897.50
7/31/2008,918.00
8/1/2008,912.50
8/4/2008,905.80
8/5/2008,882.00
8/6/2008,879.50
8/7/2008,871.50
8/8/2008,852.50
8/11/2008,852.50
8/12/2008,817.80
8/13/2008,818.50
8/14/2008,818.00
8/15/2008,786.50
8/18/2008,796.30
8/19/2008,788.80
8/20/2008,815.80
8/21/2008,833.50
8/22/2008,824.00
8/25/2008,824.00
8/26/2008,827.00
8/27/2008,827.00
8/28/2008,838.30
8/29/2008,833.00
9/1/2008,822.30
9/2/2008,798.50
9/3/2008,803.50
9/4/2008,805.80
9/5/2008,808.50
9/8/2008,808.00
9/9/2008,781.80
9/10/2008,775.80
9/11/2008,740.80
9/12/2008,750.30
9/15/2008,775.00
9/16/2008,779.50
9/17/2008,813.00
9/18/2008,863.00
9/19/2008,869.00
9/22/2008,889.00
9/23/2008,899.00
9/24/2008,896.00
9/25/2008,888.50
9/26/2008,902.00
9/29/2008,905.00
9/30/2008,884.50
10/1/2008,880.00
10/2/2008,852.00
10/3/2008,828.00
10/6/2008,875.50
10/7/2008,876.80
10/8/2008,903.50
10/9/2008,883.50
10/10/2008,900.50
10/13/2008,831.50
10/14/2008,832.50
10/15/2008,847.00
10/16/2008,802.50
10/17/2008,784.50
10/20/2008,795.00
10/21/2008,772.00
10/22/2008,744.00
10/23/2008,720.00
10/24/2008,712.50
10/27/2008,730.50
10/28/2008,730.50
10/29/2008,764.00
10/30/2008,755.30
10/31/2008,730.80
11/3/2008,729.50
11/4/2008,741.30
11/5/2008,753.80
11/6/2008,754.50
11/7/2008,735.30
11/10/2008,753.00
11/11/2008,733.80
11/12/2008,724.80
11/13/2008,713.50
11/14/2008,747.50
11/17/2008,734.00
11/18/2008,738.00
11/19/2008,762.00
11/20/2008,738.00
11/21/2008,774.50
11/24/2008,822.50
11/25/2008,820.50
11/26/2008,812.50
11/27/2008,814.00
11/28/2008,814.50
12/1/2008,778.00
12/2/2008,780.00
12/3/2008,766.30
12/4/2008,773.30
12/5/2008,749.00
12/8/2008,767.30
12/9/2008,767.80
12/10/2008,802.30
12/11/2008,827.80
12/12/2008,826.50
12/15/2008,826.00
12/16/2008,838.30
12/17/2008,870.00
12/18/2008,855.30
12/19/2008,835.80
12/22/2008,849.00
12/23/2008,843.50
12/24/2008,843.50
12/25/2008,843.50
12/26/2008,843.50
12/29/2008,880.30
12/30/2008,869.80
12/31/2008,869.80
1/1/2009,869.80
1/2/2009,874.50
1/5/2009,853.50
1/6/2009,848.30
1/7/2009,848.50
1/8/2009,855.80
1/9/2009,847.30
1/12/2009,827.00
1/13/2009,826.50
1/14/2009,821.50
1/15/2009,810.00
1/16/2009,833.80
1/19/2009,833.00
1/20/2009,853.30
1/21/2009,849.30
1/22/2009,860.00
1/23/2009,875.80
1/26/2009,910.30
1/27/2009,897.50
1/28/2009,895.30
1/29/2009,892.30
1/30/2009,919.50
2/2/2009,918.30
2/3/2009,904.50
2/4/2009,905.00
2/5/2009,920.00
2/6/2009,913.00
2/9/2009,895.00
2/10/2009,909.80
2/11/2009,938.00
2/12/2009,943.30
2/13/2009,935.50
2/16/2009,942.50
2/17/2009,968.00
2/18/2009,964.00
2/19/2009,980.50
2/20/2009,989.00
2/23/2009,985.80
2/24/2009,984.30
2/25/2009,978.50
2/26/2009,936.50
2/27/2009,952.00
3/2/2009,937.30
3/3/2009,913.80
3/4/2009,908.50
3/5/2009,913.00
3/6/2009,936.00
3/9/2009,923.80
3/10/2009,901.50
3/11/2009,899.50
3/12/2009,925.30
3/13/2009,928.00
3/16/2009,919.50
3/17/2009,915.50
3/18/2009,893.30
3/19/2009,956.50
3/20/2009,954.00
3/23/2009,949.30
3/24/2009,923.80
3/25/2009,929.00
3/26/2009,938.30
3/27/2009,924.00
3/30/2009,928.00
3/31/2009,916.50
4/1/2009,924.50
4/2/2009,897.80
4/3/2009,905.00
4/6/2009,870.30
4/7/2009,879.80
4/8/2009,880.00
4/9/2009,880.50
4/10/2009,880.50
4/13/2009,880.50
4/14/2009,887.50
4/15/2009,891.00
4/16/2009,880.50
4/17/2009,870.50
4/20/2009,877.00
4/21/2009,888.80
4/22/2009,886.00
4/23/2009,897.50
4/24/2009,907.50
4/27/2009,907.50
4/28/2009,891.00
4/29/2009,898.30
4/30/2009,883.30
5/1/2009,884.50
5/4/2009,884.50
5/5/2009,910.00
5/6/2009,910.00
5/7/2009,912.30
5/8/2009,907.00
5/11/2009,913.00
5/12/2009,917.00
5/13/2009,924.00
5/14/2009,925.30
5/15/2009,929.50
5/18/2009,921.00
5/19/2009,924.80
5/20/2009,939.50
5/21/2009,937.50
5/22/2009,959.80
5/25/2009,959.80
5/26/2009,945.00
5/27/2009,951.00
5/28/2009,957.80
5/29/2009,975.50
6/1/2009,981.80
6/2/2009,980.00
6/3/2009,976.80
6/4/2009,970.80
6/5/2009,962.00
6/8/2009,943.80
6/9/2009,956.00
6/10/2009,953.80
6/11/2009,947.50
6/12/2009,937.30
6/15/2009,932.30
6/16/2009,934.00
6/17/2009,930.50
6/18/2009,940.50
6/19/2009,935.30
6/22/2009,919.30
6/23/2009,920.80
6/24/2009,933.50
6/25/2009,937.30
6/26/2009,942.00
6/29/2009,935.50
6/30/2009,934.50
7/1/2009,938.30
7/2/2009,929.50
7/3/2009,932.50
7/6/2009,924.50
7/7/2009,924.00
7/8/2009,918.00
7/9/2009,911.80
7/10/2009,913.00
7/13/2009,908.50
7/14/2009,924.80
7/15/2009,938.00
7/16/2009,935.00
7/17/2009,937.50
7/20/2009,952.80
7/21/2009,947.80
7/22/2009,948.30
7/23/2009,950.00
7/24/2009,951.50
7/27/2009,955.00
7/28/2009,944.30
7/29/2009,931.00
7/30/2009,932.50
7/31/2009,939.00
8/3/2009,959.80
8/4/2009,960.50
8/5/2009,960.50
8/6/2009,964.00
8/7/2009,956.00
8/10/2009,945.00
8/11/2009,942.80
8/12/2009,947.30
8/13/2009,953.50
8/14/2009,953.50
8/17/2009,932.80
8/18/2009,935.00
8/19/2009,943.00
8/20/2009,940.50
8/21/2009,952.50
8/24/2009,951.50
8/25/2009,950.50
8/26/2009,940.50
8/27/2009,943.00
8/28/2009,955.50
8/31/2009,955.50
9/1/2009,955.00
9/2/2009,964.80
9/3/2009,983.00
9/4/2009,989.00
9/7/2009,993.00
9/8/2009,1000.80
9/9/2009,999.50
9/10/2009,990.80
9/11/2009,1008.30
9/14/2009,999.30
9/15/2009,996.00
9/16/2009,1015.80
9/17/2009,1018.50
9/18/2009,1012.00
9/21/2009,997.00
9/22/2009,1014.00
9/23/2009,1010.30
9/24/2009,1009.80
9/25/2009,991.50
9/28/2009,991.80
9/29/2009,989.50
9/30/2009,995.80
10/1/2009,1004.80
10/2/2009,1003.50
10/5/2009,1005.50
10/6/2009,1038.80
10/7/2009,1040.30
10/8/2009,1045.00
10/9/2009,1051.50
10/12/2009,1058.80
10/13/2009,1057.50
10/14/2009,1059.50
10/15/2009,1053.50
10/16/2009,1047.50
10/19/2009,1050.50
10/20/2009,1061.80
10/21/2009,1053.80
10/22/2009,1053.00
10/23/2009,1061.80
10/26/2009,1054.00
10/27/2009,1036.50
10/28/2009,1031.80
10/29/2009,1040.50
10/30/2009,1040.00
11/2/2009,1062.00
11/3/2009,1061.00
11/4/2009,1090.00
11/5/2009,1089.00
11/6/2009,1096.80
11/9/2009,1106.80
11/10/2009,1101.50
11/11/2009,1115.30
11/12/2009,1114.80
11/13/2009,1104.00
11/16/2009,1130.00
11/17/2009,1134.80
11/18/2009,1149.00
11/19/2009,1135.50
11/20/2009,1140.00
11/23/2009,1169.50
11/24/2009,1163.30
11/25/2009,1179.80
11/26/2009,1182.80
11/27/2009,1166.50
11/30/2009,1175.80
12/1/2009,1192.50
12/2/2009,1212.50
12/3/2009,1208.80
12/4/2009,1190.30
12/7/2009,1142.50
12/8/2009,1146.80
12/9/2009,1141.00
12/10/2009,1128.50
12/11/2009,1124.00
12/14/2009,1123.80
12/15/2009,1122.00
12/16/2009,1137.50
12/17/2009,1117.00
12/18/2009,1104.50
12/21/2009,1105.50
12/22/2009,1084.00
12/23/2009,1085.30
12/24/2009,1085.30
12/25/2009,1085.30
12/28/2009,1085.30
12/29/2009,1106.00
12/30/2009,1087.50
12/31/2009,1087.50
1/1/2010,1087.50
1/4/2010,1121.50
1/5/2010,1123.30
1/6/2010,1130.00
1/7/2010,1130.30
1/8/2010,1126.80
1/11/2010,1153.00
1/12/2010,1151.30
1/13/2010,1127.30
1/14/2010,1138.30
1/15/2010,1128.00
1/18/2010,1134.50
1/19/2010,1133.00
1/20/2010,1120.30
1/21/2010,1108.30
1/22/2010,1084.00
1/25/2010,1095.30
1/26/2010,1093.30
1/27/2010,1094.80
1/28/2010,1088.00
1/29/2010,1078.50
2/1/2010,1086.50
2/2/2010,1111.00
2/3/2010,1115.30
2/4/2010,1083.30
2/5/2010,1058.00
2/8/2010,1064.00
2/9/2010,1071.30
2/10/2010,1069.50
2/11/2010,1076.30
2/12/2010,1082.00
2/15/2010,1098.30
2/16/2010,1115.30
2/17/2010,1119.00
2/18/2010,1118.00
2/19/2010,1112.80
2/22/2010,1115.30
2/23/2010,1107.00
2/24/2010,1103.00
2/25/2010,1094.50
2/26/2010,1108.30
3/1/2010,1114.00
3/2/2010,1126.50
3/3/2010,1136.50
3/4/2010,1134.50
3/5/2010,1135.00
3/8/2010,1125.80
3/9/2010,1115.80
3/10/2010,1120.50
3/11/2010,1104.00
3/12/2010,1106.30
3/15/2010,1104.30
3/16/2010,1124.80
3/17/2010,1121.80
3/18/2010,1122.80
3/19/2010,1105.50
3/22/2010,1097.30
3/23/2010,1101.50
3/24/2010,1090.80
3/25/2010,1093.00
3/26/2010,1096.50
3/29/2010,1107.50
3/30/2010,1107.00
3/31/2010,1115.50
4/1/2010,1123.50
4/2/2010,1123.50
4/5/2010,1123.50
4/6/2010,1132.80
4/7/2010,1142.00
4/8/2010,1148.00
4/9/2010,1152.50
4/12/2010,1158.80
4/13/2010,1148.30
4/14/2010,1153.80
4/15/2010,1154.50
4/16/2010,1151.50
4/19/2010,1136.30
4/20/2010,1144.80
4/21/2010,1143.00
4/22/2010,1133.80
4/23/2010,1139.50
4/26/2010,1154.50
4/27/2010,1149.50
4/28/2010,1161.00
4/29/2010,1166.80
4/30/2010,1179.30
5/3/2010,1179.30
5/4/2010,1185.00
5/5/2010,1165.00
5/6/2010,1185.30
5/7/2010,1202.30
5/10/2010,1196.50
5/11/2010,1222.50
5/12/2010,1237.50
5/13/2010,1237.50
5/14/2010,1236.50
5/17/2010,1236.00
5/18/2010,1216.80
5/19/2010,1195.00
5/20/2010,1192.00
5/21/2010,1179.80
5/24/2010,1187.00
5/25/2010,1198.30
5/26/2010,1212.00
5/27/2010,1211.00
5/28/2010,1207.50
5/31/2010,1207.50
6/1/2010,1227.80
6/2/2010,1215.00
6/3/2010,1215.00
6/4/2010,1203.50
6/7/2010,1215.00
6/8/2010,1246.00
6/9/2010,1233.50
6/10/2010,1217.50
6/11/2010,1220.00
6/14/2010,1223.80
6/15/2010,1225.00
6/16/2010,1234.50
6/17/2010,1245.00
6/18/2010,1256.00
6/21/2010,1254.50
6/22/2010,1236.00
6/23/2010,1226.50
6/24/2010,1236.30
6/25/2010,1254.00
6/28/2010,1261.00
6/29/2010,1234.50
6/30/2010,1244.00
7/1/2010,1234.00
7/2/2010,1201.50
7/5/2010,1208.00
7/6/2010,1195.00
7/7/2010,1193.30
7/8/2010,1193.50
7/9/2010,1208.80
7/12/2010,1205.50
7/13/2010,1216.00
7/14/2010,1207.00
7/15/2010,1208.00
7/16/2010,1189.30
7/19/2010,1181.00
7/20/2010,1183.00
7/21/2010,1191.50
7/22/2010,1199.50
7/23/2010,1190.50
7/26/2010,1183.50
7/27/2010,1168.00
7/28/2010,1157.00
7/29/2010,1162.50
7/30/2010,1169.00
8/2/2010,1188.50
8/3/2010,1187.50
8/4/2010,1199.50
8/5/2010,1192.50
8/6/2010,1207.80
8/9/2010,1203.00
8/10/2010,1192.50
8/11/2010,1205.50
8/12/2010,1213.00
8/13/2010,1214.30
8/16/2010,1223.50
8/17/2010,1226.00
8/18/2010,1218.00
8/19/2010,1233.50
8/20/2010,1223.50
8/23/2010,1226.00
8/24/2010,1222.00
8/25/2010,1237.50
8/26/2010,1237.00
8/27/2010,1235.00
8/30/2010,1235.00
8/31/2010,1246.00
9/1/2010,1246.50
9/2/2010,1248.50
9/3/2010,1240.50
9/6/2010,1249.00
9/7/2010,1256.80
9/8/2010,1255.00
9/9/2010,1255.00
9/10/2010,1246.50
9/13/2010,1243.80
9/14/2010,1265.50
9/15/2010,1267.00
9/16/2010,1272.50
9/17/2010,1274.00
9/20/2010,1279.30
9/21/2010,1275.00
9/22/2010,1293.50
9/23/2010,1290.80
9/24/2010,1297.00
9/27/2010,1297.00
9/28/2010,1294.00
9/29/2010,1307.50
9/30/2010,1307.00
10/1/2010,1316.30
10/4/2010,1313.50
10/5/2010,1330.50
10/6/2010,1346.50
10/7/2010,1345.00
10/8/2010,1341.50
10/11/2010,1351.50
10/12/2010,1348.50
10/13/2010,1365.50
10/14/2010,1373.30
10/15/2010,1367.50
10/18/2010,1367.30
10/19/2010,1339.00
10/20/2010,1339.00
10/21/2010,1343.50
10/22/2010,1322.50
10/25/2010,1337.50
10/26/2010,1329.50
10/27/2010,1324.50
10/28/2010,1333.50
10/29/2010,1346.80
11/1/2010,1354.50
11/2/2010,1351.00
11/3/2010,1345.50
11/4/2010,1381.00
11/5/2010,1395.50
11/8/2010,1388.50
11/9/2010,1421.00
11/10/2010,1390.50
11/11/2010,1398.50
11/12/2010,1388.50
11/15/2010,1368.50
11/16/2010,1349.00
11/17/2010,1337.50
11/18/2010,1350.30
11/19/2010,1342.50
11/22/2010,1356.50
11/23/2010,1377.50
11/24/2010,1372.50
11/25/2010,1373.30
11/26/2010,1355.00
11/29/2010,1357.00
11/30/2010,1383.50
12/1/2010,1385.50
12/2/2010,1389.00
12/3/2010,1403.50
12/6/2010,1415.30
12/7/2010,1420.00
12/8/2010,1385.50
12/9/2010,1391.30
12/10/2010,1375.30
12/13/2010,1399.00
12/14/2010,1394.50
12/15/2010,1388.80
12/16/2010,1363.00
12/17/2010,1368.50
12/20/2010,1380.00
12/21/2010,1383.00
12/22/2010,1387.00
12/23/2010,1373.50
12/24/2010,1373.50
12/27/2010,1373.50
12/28/2010,1373.50
12/29/2010,1412.50
12/30/2010,1405.50
12/31/2010,1405.50
1/3/2011,1405.50
1/4/2011,1388.50
1/5/2011,1368.00
1/6/2011,1368.50
1/7/2011,1367.00
1/10/2011,1368.30
1/11/2011,1374.00
1/12/2011,1378.80
1/13/2011,1381.50
1/14/2011,1367.00
1/17/2011,1360.50
1/18/2011,1369.50
1/19/2011,1372.00
1/20/2011,1345.50
1/21/2011,1343.50
1/24/2011,1343.00
1/25/2011,1324.00
1/26/2011,1328.00
1/27/2011,1334.50
1/28/2011,1319.00
1/31/2011,1327.00
2/1/2011,1331.50
2/2/2011,1337.00
2/3/2011,1328.00
2/4/2011,1355.00
2/7/2011,1347.50
2/8/2011,1363.50
2/9/2011,1365.00
2/10/2011,1353.30
2/11/2011,1364.00
2/14/2011,1365.00
2/15/2011,1372.80
2/16/2011,1371.30
2/17/2011,1379.00
2/18/2011,1383.50
2/21/2011,1403.00
2/22/2011,1401.00
2/23/2011,1409.30
2/24/2011,1411.50
2/25/2011,1402.50
2/28/2011,1411.00
3/1/2011,1420.80
3/2/2011,1435.50
3/3/2011,1421.50
3/4/2011,1427.00
3/7/2011,1437.50
3/8/2011,1426.30
3/9/2011,1431.00
3/10/2011,1413.30
3/11/2011,1411.50
3/14/2011,1422.30
3/15/2011,1400.50
3/16/2011,1402.00
3/17/2011,1403.80
3/18/2011,1420.00
3/21/2011,1432.00
3/22/2011,1426.00
3/23/2011,1439.50
3/24/2011,1447.00
3/25/2011,1436.00
3/28/2011,1417.00
3/29/2011,1417.50
3/30/2011,1425.50
3/31/2011,1439.00
4/1/2011,1418.00
4/4/2011,1435.50
4/5/2011,1433.50
4/6/2011,1461.50
4/7/2011,1459.50
4/8/2011,1469.50
4/11/2011,1468.00
4/12/2011,1450.50
4/13/2011,1457.50
4/14/2011,1465.80
4/15/2011,1476.80
4/18/2011,1493.00
4/19/2011,1490.50
4/20/2011,1501.00
4/21/2011,1504.00
4/22/2011,1504.00
4/25/2011,1504.00
4/26/2011,1497.50
4/27/2011,1511.00
4/28/2011,1535.50
4/29/2011,1535.50
5/2/2011,1535.50
5/3/2011,1540.30
5/4/2011,1541.00
5/5/2011,1511.00
5/6/2011,1486.50
5/9/2011,1502.00
5/10/2011,1513.50
5/11/2011,1508.00
5/12/2011,1489.50
5/13/2011,1505.80
5/16/2011,1500.80
5/17/2011,1478.50
5/18/2011,1496.50
5/19/2011,1493.00
5/20/2011,1490.80
5/23/2011,1510.50
5/24/2011,1527.00
5/25/2011,1526.30
5/26/2011,1518.50
5/27/2011,1533.00
5/30/2011,1533.00
5/31/2011,1536.50
6/1/2011,1533.80
6/2/2011,1539.50
6/3/2011,1540.00
6/6/2011,1549.00
6/7/2011,1545.00
6/8/2011,1537.80
6/9/2011,1537.80
6/10/2011,1529.30
6/13/2011,1526.30
6/14/2011,1516.00
6/15/2011,1529.80
6/16/2011,1523.30
6/17/2011,1537.50
6/20/2011,1544.00
6/21/2011,1544.80
6/22/2011,1552.50
6/23/2011,1523.00
6/24/2011,1514.80
6/27/2011,1498.00
6/28/2011,1499.00
6/29/2011,1504.30
6/30/2011,1505.50
7/1/2011,1483.00
7/4/2011,1495.00
7/5/2011,1510.00
7/6/2011,1527.30
7/7/2011,1527.50
7/8/2011,1541.50
7/11/2011,1555.50
7/12/2011,1550.50
7/13/2011,1579.00
7/14/2011,1590.50
7/15/2011,1587.00
7/18/2011,1599.00
7/19/2011,1601.00
7/20/2011,1586.00
7/21/2011,1601.00
7/22/2011,1602.00
7/25/2011,1613.50
7/26/2011,1612.80
7/27/2011,1625.00
7/28/2011,1613.50
7/29/2011,1628.50
8/1/2011,1623.00
8/2/2011,1637.80
8/3/2011,1669.30
8/4/2011,1679.50
8/5/2011,1658.80
8/8/2011,1693.00
8/9/2011,1736.00
8/10/2011,1772.00
8/11/2011,1760.00
8/12/2011,1736.00
8/15/2011,1739.00
8/16/2011,1782.50
8/17/2011,1790.00
8/18/2011,1824.00
8/19/2011,1848.00
8/22/2011,1877.50
8/23/2011,1876.00
8/24/2011,1770.00
8/25/2011,1729.00
8/26/2011,1788.00
8/29/2011,1788.00
8/30/2011,1825.00
8/31/2011,1813.50
9/1/2011,1821.00
9/2/2011,1875.30
9/5/2011,1895.00
9/6/2011,1895.00
9/7/2011,1810.00
9/8/2011,1855.00
9/9/2011,1851.00
9/12/2011,1834.00
9/13/2011,1820.00
9/14/2011,1818.50
9/15/2011,1782.00
9/16/2011,1794.00
9/19/2011,1794.00
9/20/2011,1799.00
9/21/2011,1793.00
9/22/2011,1722.00
9/23/2011,1689.00
9/26/2011,1598.00
9/27/2011,1659.00
9/28/2011,1643.00
9/29/2011,1613.00
9/30/2011,1620.00
10/3/2011,1655.50
10/4/2011,1638.00
10/5/2011,1617.00
10/6/2011,1635.00
10/7/2011,1652.00
10/10/2011,1661.00
10/11/2011,1663.00
10/12/2011,1682.00
10/13/2011,1656.00
10/14/2011,1678.00
10/17/2011,1682.00
10/18/2011,1631.00
10/19/2011,1652.50
10/20/2011,1620.00
10/21/2011,1642.50
10/24/2011,1652.00
10/25/2011,1656.00
10/26/2011,1715.00
10/27/2011,1718.00
10/28/2011,1741.00
10/31/2011,1722.00
11/1/2011,1699.00
11/2/2011,1743.00
11/3/2011,1758.00
11/4/2011,1749.00
11/7/2011,1782.00
11/8/2011,1795.00
11/9/2011,1784.00
11/10/2011,1756.00
11/11/2011,1773.00
11/14/2011,1776.00
11/15/2011,1785.00
11/16/2011,1756.00
11/17/2011,1742.50
11/18/2011,1719.00
11/21/2011,1702.00
11/22/2011,1699.00
11/23/2011,1681.00
11/24/2011,1692.50
11/25/2011,1688.50
11/28/2011,1714.00
11/29/2011,1717.00
11/30/2011,1746.00
12/1/2011,1752.00
12/2/2011,1747.00
12/5/2011,1744.00
12/6/2011,1708.00
12/7/2011,1735.50
12/8/2011,1715.00
12/9/2011,1709.00
12/12/2011,1659.50
12/13/2011,1672.50
12/14/2011,1603.00
12/15/2011,1574.00
12/16/2011,1594.00
12/19/2011,1598.00
12/20/2011,1613.50
12/21/2011,1608.00
12/22/2011,1606.50
12/23/2011,1606.50
12/26/2011,1606.50
12/27/2011,1606.50
12/28/2011,1571.00
12/29/2011,1531.00
12/30/2011,1531.00
1/2/2012,1531.00
1/3/2012,1598.00
1/4/2012,1613.00
1/5/2012,1599.00
1/6/2012,1616.50
1/9/2012,1615.00
1/10/2012,1637.00
1/11/2012,1634.50
1/12/2012,1661.00
1/13/2012,1635.50
1/16/2012,1641.00
1/17/2012,1656.00
1/18/2012,1647.00
1/19/2012,1655.00
1/20/2012,1653.00
1/23/2012,1675.50
1/24/2012,1665.50
1/25/2012,1650.00
1/26/2012,1727.00
1/27/2012,1726.00
1/30/2012,1729.00
1/31/2012,1744.00
2/1/2012,1740.00
2/2/2012,1751.00
2/3/2012,1734.00
2/6/2012,1719.00
2/7/2012,1724.00
2/8/2012,1746.00
2/9/2012,1748.00
2/10/2012,1711.50
2/13/2012,1720.00
2/14/2012,1722.00
2/15/2012,1733.00
2/16/2012,1713.00
2/17/2012,1723.00
2/20/2012,1733.00
2/21/2012,1748.00
2/22/2012,1752.00
2/23/2012,1777.00
2/24/2012,1777.50
2/27/2012,1772.00
2/28/2012,1781.00
2/29/2012,1770.00
3/1/2012,1714.00
3/2/2012,1707.00
3/5/2012,1705.00
3/6/2012,1669.00
3/7/2012,1677.50
3/8/2012,1690.00
3/9/2012,1687.50
3/12/2012,1697.50
3/13/2012,1690.00
3/14/2012,1644.30
3/15/2012,1648.00
3/16/2012,1658.00
3/19/2012,1661.50
3/20/2012,1656.80
3/21/2012,1649.30
3/22/2012,1635.50
3/23/2012,1664.00
3/26/2012,1680.30
3/27/2012,1692.00
3/28/2012,1676.00
3/29/2012,1657.50
3/30/2012,1662.50
4/2/2012,1677.50
4/3/2012,1676.30
4/4/2012,1621.00
4/5/2012,1631.00
4/6/2012,1631.00
4/9/2012,1631.00
4/10/2012,1644.00
4/11/2012,1658.00
4/12/2012,1668.50
4/13/2012,1666.50
4/16/2012,1653.00
4/17/2012,1635.50
4/18/2012,1644.00
4/19/2012,1650.00
4/20/2012,1641.50
4/23/2012,1629.00
4/24/2012,1649.50
4/25/2012,1637.80
4/26/2012,1653.50
4/27/2012,1663.50
4/30/2012,1651.30
5/1/2012,1664.00
5/2/2012,1648.00
5/3/2012,1637.80
5/4/2012,1643.80
5/7/2012,1643.80
5/8/2012,1602.50
5/9/2012,1582.50
5/10/2012,1598.50
5/11/2012,1583.00
5/14/2012,1558.50
5/15/2012,1556.50
5/16/2012,1548.50
5/17/2012,1554.00
5/18/2012,1589.50
5/21/2012,1592.50
5/22/2012,1582.50
5/23/2012,1549.00
5/24/2012,1568.50
5/25/2012,1569.50
5/28/2012,1574.60
5/29/2012,1579.50
5/30/2012,1540.00
5/31/2012,1558.00
6/1/2012,1606.00
6/4/2012,1606.00
6/5/2012,1606.00
6/6/2012,1635.00
6/7/2012,1606.00
6/8/2012,1576.50
6/11/2012,1584.00
6/12/2012,1603.50
6/13/2012,1619.50
6/14/2012,1613.50
6/15/2012,1627.30
6/18/2012,1615.50
6/19/2012,1625.50
6/20/2012,1601.00
6/21/2012,1582.00
6/22/2012,1565.50
6/25/2012,1570.00
6/26/2012,1576.00
6/27/2012,1573.50
6/28/2012,1558.50
6/29/2012,1598.50
7/2/2012,1592.00
7/3/2012,1617.50
7/4/2012,1613.50
7/5/2012,1604.00
7/6/2012,1587.00
7/9/2012,1585.00
7/10/2012,1595.30
7/11/2012,1577.00
7/12/2012,1556.30
7/13/2012,1595.50
7/16/2012,1589.80
7/17/2012,1585.30
7/18/2012,1575.30
7/19/2012,1584.00
7/20/2012,1576.30
7/23/2012,1572.30
7/24/2012,1583.30
7/25/2012,1601.00
7/26/2012,1618.00
7/27/2012,1618.30
7/30/2012,1617.80
7/31/2012,1622.00
8/1/2012,1599.00
8/2/2012,1597.00
8/3/2012,1602.00
8/6/2012,1610.00
8/7/2012,1611.00
8/8/2012,1613.30
8/9/2012,1615.00
8/10/2012,1618.50
8/13/2012,1622.50
8/14/2012,1597.80
8/15/2012,1601.80
8/16/2012,1604.50
8/17/2012,1614.80
8/20/2012,1615.00
8/21/2012,1639.50
8/22/2012,1642.00
8/23/2012,1665.30
8/24/2012,1667.00
8/27/2012,1667.00
8/28/2012,1668.00
8/29/2012,1660.00
8/30/2012,1660.50
8/31/2012,1648.50
9/3/2012,1691.50
9/4/2012,1697.00
9/5/2012,1690.00
9/6/2012,1701.00
9/7/2012,1728.00
9/10/2012,1732.00
9/11/2012,1736.80
9/12/2012,1737.00
9/13/2012,1733.30
9/14/2012,1775.50
9/17/2012,1770.00
9/18/2012,1769.50
9/19/2012,1766.80
9/20/2012,1758.50
9/21/2012,1784.50
9/24/2012,1762.50
9/25/2012,1771.50
9/26/2012,1744.80
9/27/2012,1763.00
9/28/2012,1776.00
10/1/2012,1787.00
10/2/2012,1775.50
10/3/2012,1775.30
10/4/2012,1791.80
10/5/2012,1784.00
10/8/2012,1773.50
10/9/2012,1774.00
10/10/2012,1761.30
10/11/2012,1769.00
10/12/2012,1766.80
10/15/2012,1736.00
10/16/2012,1746.50
10/17/2012,1749.00
10/18/2012,1743.00
10/19/2012,1737.00
10/22/2012,1726.80
10/23/2012,1711.00
10/24/2012,1706.50
10/25/2012,1715.50
10/26/2012,1716.00
10/29/2012,1707.00
10/30/2012,1710.00
10/31/2012,1719.00
11/1/2012,1716.30
11/2/2012,1685.00
11/5/2012,1683.50
11/6/2012,1691.00
11/7/2012,1715.30
11/8/2012,1717.00
11/9/2012,1738.30
11/12/2012,1735.30
11/13/2012,1726.30
11/14/2012,1725.80
11/15/2012,1710.00
11/16/2012,1713.50
11/19/2012,1730.50
11/20/2012,1732.30
11/21/2012,1724.00
11/22/2012,1731.00
11/23/2012,1734.50
11/26/2012,1750.50
11/27/2012,1746.30
11/28/2012,1708.00
11/29/2012,1725.00
11/30/2012,1726.00
12/3/2012,1720.00
12/4/2012,1697.80
12/5/2012,1694.00
12/6/2012,1694.30
12/7/2012,1701.50
12/10/2012,1712.50
12/11/2012,1710.00
12/12/2012,1716.30
12/13/2012,1692.80
12/14/2012,1696.30
12/17/2012,1695.80
12/18/2012,1694.00
12/19/2012,1665.00
12/20/2012,1650.50
12/21/2012,1651.50
12/24/2012,1651.50
12/25/2012,1651.50
12/26/2012,1651.50
12/27/2012,1655.50
12/28/2012,1657.50
12/31/2012,1657.50
1/1/2013,1657.50
1/2/2013,1693.80
1/3/2013,1679.50
1/4/2013,1648.00
1/7/2013,1645.30
1/8/2013,1656.00
1/9/2013,1657.80
1/10/2013,1675.00
1/11/2013,1657.50
1/14/2013,1666.50
1/15/2013,1680.50
1/16/2013,1676.30
1/17/2013,1675.00
1/18/2013,1688.50
1/21/2013,1687.50
1/22/2013,1690.50
1/23/2013,1690.30
1/24/2013,1671.00
1/25/2013,1660.00
1/28/2013,1656.50
1/29/2013,1663.50
1/30/2013,1677.50
1/31/2013,1664.80
2/1/2013,1669.00
2/4/2013,1666.00
2/5/2013,1673.50
2/6/2013,1674.30
2/7/2013,1668.00
2/8/2013,1668.30
2/11/2013,1652.00
2/12/2013,1647.50
2/13/2013,1645.00
2/14/2013,1646.00
2/15/2013,1612.30
2/18/2013,1610.80
2/19/2013,1607.80
2/20/2013,1588.50
2/21/2013,1577.00
2/22/2013,1576.50
2/25/2013,1586.30
2/26/2013,1590.50
2/27/2013,1604.30
2/28/2013,1588.50
3/1/2013,1582.30
3/4/2013,1574.30
3/5/2013,1579.80
3/6/2013,1574.00
3/7/2013,1579.50
3/8/2013,1581.80
3/11/2013,1579.00
3/12/2013,1594.00
3/13/2013,1589.30
3/14/2013,1586.00
3/15/2013,1595.50
3/18/2013,1603.80
3/19/2013,1610.80
3/20/2013,1607.50
3/21/2013,1613.80
3/22/2013,1607.80
3/25/2013,1599.30
3/26/2013,1598.00
3/27/2013,1603.00
3/28/2013,1598.30
3/29/2013,1598.30
4/1/2013,1598.30
4/2/2013,1583.50
4/3/2013,1574.80
4/4/2013,1546.50
4/5/2013,1568.00
4/8/2013,1575.00
4/9/2013,1577.30
4/10/2013,1575.00
4/11/2013,1565.00
4/12/2013,1535.50
4/15/2013,1395.00
4/16/2013,1380.00
4/17/2013,1392.00
4/18/2013,1393.80
4/19/2013,1405.50
4/22/2013,1424.50
4/23/2013,1408.00
4/24/2013,1428.50
4/25/2013,1451.00
4/26/2013,1471.50
4/29/2013,1467.50
4/30/2013,1469.00
5/1/2013,1454.80
5/2/2013,1469.30
5/3/2013,1469.30
5/6/2013,1469.30
5/7/2013,1444.30
5/8/2013,1468.00
5/9/2013,1465.50
5/10/2013,1426.50
5/13/2013,1430.80
5/14/2013,1433.80
5/15/2013,1410.00
5/16/2013,1381.00
5/17/2013,1368.80
5/20/2013,1354.80
5/21/2013,1360.80
5/22/2013,1408.50
5/23/2013,1380.50
5/24/2013,1390.30
5/27/2013,1390.30
5/28/2013,1376.50
5/29/2013,1382.50
5/30/2013,1413.50
5/31/2013,1394.50
6/3/2013,1402.50
6/4/2013,1399.50
6/5/2013,1404.00
6/6/2013,1400.00
6/7/2013,1386.00
6/10/2013,1383.30
6/11/2013,1374.30
6/12/2013,1382.80
6/13/2013,1385.00
6/14/2013,1391.30
6/17/2013,1384.80
6/18/2013,1366.80
6/19/2013,1372.80
6/20/2013,1292.50
6/21/2013,1295.30
6/24/2013,1286.80
6/25/2013,1279.00
6/26/2013,1236.30
6/27/2013,1232.80
6/28/2013,1192.00
7/1/2013,1242.80
7/2/2013,1252.50
7/3/2013,1250.00
7/4/2013,1251.80
7/5/2013,1212.80
7/8/2013,1235.30
7/9/2013,1255.50
7/10/2013,1256.00
7/11/2013,1285.00
7/12/2013,1279.80
7/15/2013,1284.80
7/16/2013,1291.50
7/17/2013,1297.30
7/18/2013,1283.30
7/19/2013,1295.80
7/22/2013,1327.00
7/23/2013,1333.50
7/24/2013,1335.00
7/25/2013,1326.00
7/26/2013,1331.00
7/29/2013,1329.80
7/30/2013,1324.20
7/31/2013,1314.50
8/1/2013,1315.00
8/2/2013,1309.30
8/5/2013,1304.80
8/6/2013,1280.50
8/7/2013,1282.50
8/8/2013,1298.30
8/9/2013,1309.00
8/12/2013,1341.00
8/13/2013,1328.50
8/14/2013,1326.50
8/15/2013,1329.80
8/16/2013,1369.30
8/19/2013,1365.00
8/20/2013,1372.50
8/21/2013,1363.00
8/22/2013,1375.50
8/23/2013,1377.50
8/26/2013,1377.50
8/27/2013,1419.30
8/28/2013,1419.50
8/29/2013,1407.80
8/30/2013,1394.80
9/2/2013,1392.30
9/3/2013,1399.50
9/4/2013,1390.00
9/5/2013,1385.00
9/6/2013,1387.00
9/9/2013,1390.00
9/10/2013,1358.30
9/11/2013,1363.80
9/12/2013,1328.00
9/13/2013,1318.50
9/16/2013,1324.00
9/17/2013,1312.30
9/18/2013,1301.00
9/19/2013,1365.50
9/20/2013,1349.30
9/23/2013,1323.00
9/24/2013,1314.30
9/25/2013,1322.80
9/26/2013,1333.00
9/27/2013,1341.00
9/30/2013,1326.50
10/1/2013,1290.80
10/2/2013,1306.30
10/3/2013,1316.00
10/4/2013,1309.80
10/7/2013,1323.50
10/8/2013,1329.50
10/9/2013,1304.00
10/10/2013,1298.50
10/11/2013,1265.50
10/14/2013,1285.50
10/15/2013,1270.50
10/16/2013,1273.50
10/17/2013,1319.30
10/18/2013,1316.50
10/21/2013,1317.50
10/22/2013,1333.00
10/23/2013,1331.30
10/24/2013,1344.80
10/25/2013,1347.80
10/28/2013,1361.00
10/29/2013,1349.30
10/30/2013,1354.80
10/31/2013,1324.00
11/1/2013,1306.80
11/4/2013,1320.50
11/5/2013,1307.30
11/6/2013,1319.00
11/7/2013,1307.30
11/8/2013,1285.50
11/11/2013,1282.50
11/12/2013,1281.30
11/13/2013,1272.50
11/14/2013,1286.00
11/15/2013,1287.30
11/18/2013,1283.50
11/19/2013,1275.80
11/20/2013,1257.00
11/21/2013,1240.00
11/22/2013,1246.30
11/25/2013,1243.00
11/26/2013,1247.50
11/27/2013,1245.00
11/28/2013,1245.50
11/29/2013,1253.00
12/2/2013,1229.50
12/3/2013,1217.30
12/4/2013,1227.50
12/5/2013,1222.50
12/6/2013,1233.00
12/9/2013,1237.00
12/10/2013,1266.30
12/11/2013,1260.80
12/12/2013,1225.30
12/13/2013,1232.00
12/16/2013,1234.80
12/17/2013,1231.80
12/18/2013,1230.50
12/19/2013,1196.00
12/20/2013,1195.30
12/23/2013,1199.00
12/24/2013,1199.00
12/25/2013,1199.00
12/26/2013,1199.00
12/27/2013,1214.50
12/30/2013,1204.50
12/31/2013,1204.50
1/1/2014,1204.50
1/2/2014,1225.00
1/3/2014,1234.50
1/6/2014,1246.30
1/7/2014,1227.50
1/8/2014,1221.00
1/9/2014,1226.00
1/10/2014,1244.30
1/13/2014,1248.00
1/14/2014,1251.50
1/15/2014,1236.00
1/16/2014,1241.50
1/17/2014,1250.00
1/20/2014,1255.80
1/21/2014,1238.00
1/22/2014,1241.00
1/23/2014,1263.00
1/24/2014,1267.00
1/27/2014,1260.50
1/28/2014,1251.30
1/29/2014,1264.00
1/30/2014,1242.50
1/31/2014,1251.00
2/3/2014,1262.00
2/4/2014,1250.30
2/5/2014,1254.50
2/6/2014,1256.50
2/7/2014,1259.30
2/10/2014,1277.00
2/11/2014,1282.00
2/12/2014,1289.50
2/13/2014,1296.00
2/14/2014,1320.00
2/17/2014,1327.50
2/18/2014,1320.80
2/19/2014,1320.50
2/20/2014,1316.30
2/21/2014,1323.30
2/24/2014,1334.80
2/25/2014,1339.00
2/26/2014,1331.80
2/27/2014,1332.30
2/28/2014,1326.50
3/3/2014,1349.50
3/4/2014,1334.80
3/5/2014,1337.00
3/6/2014,1345.30
3/7/2014,1335.30
3/10/2014,1344.00
3/11/2014,1346.30
3/12/2014,1366.00
3/13/2014,1368.80
3/14/2014,1385.00
3/17/2014,1378.50
3/18/2014,1355.80
3/19/2014,1338.00
3/20/2014,1327.00
3/21/2014,1336.00
3/24/2014,1310.80
3/25/2014,1313.50
3/26/2014,1304.00
3/27/2014,1296.00
3/28/2014,1294.80
3/31/2014,1291.80
4/1/2014,1283.80
4/2/2014,1292.00
4/3/2014,1284.00
4/4/2014,1297.30
4/7/2014,1299.00
4/8/2014,1309.50
4/9/2014,1301.80
4/10/2014,1320.50
4/11/2014,1318.00
4/14/2014,1325.80
4/15/2014,1298.00
4/16/2014,1301.50
4/17/2014,1299.00
4/18/2014,1299.00
4/21/2014,1299.00
4/22/2014,1286.80
4/23/2014,1285.30
4/24/2014,1291.50
4/25/2014,1301.30
4/28/2014,1299.00
4/29/2014,1297.80
4/30/2014,1288.50
5/1/2014,1278.50
5/2/2014,1281.30
5/5/2014,1281.30
5/6/2014,1306.30
5/7/2014,1296.00
5/8/2014,1287.00
5/9/2014,1291.30
5/12/2014,1298.80
5/13/2014,1296.50
5/14/2014,1305.30
5/15/2014,1299.00
5/16/2014,1291.50
5/19/2014,1302.00
5/20/2014,1295.50
5/21/2014,1287.30
5/22/2014,1298.50
5/23/2014,1291.50
5/26/2014,1291.50
5/27/2014,1275.50
5/28/2014,1263.50
5/29/2014,1255.00
5/30/2014,1250.50
6/2/2014,1247.30
6/3/2014,1242.80
6/4/2014,1245.30
6/5/2014,1252.50
6/6/2014,1247.50
6/9/2014,1253.50
6/10/2014,1259.50
6/11/2014,1262.00
6/12/2014,1265.80
6/13/2014,1273.00
6/16/2014,1276.30
6/17/2014,1267.50
6/18/2014,1269.80
6/19/2014,1293.00
6/20/2014,1312.50
6/23/2014,1313.50
6/24/2014,1318.50
6/25/2014,1316.80
6/26/2014,1311.80
6/27/2014,1317.50
6/30/2014,1315.00
7/1/2014,1327.50
7/2/2014,1326.50
7/3/2014,1317.50
7/4/2014,1319.30
7/7/2014,1313.00
7/8/2014,1323.00
7/9/2014,1322.80
7/10/2014,1340.30
7/11/2014,1335.00
7/14/2014,1306.00
7/15/2014,1310.00
7/16/2014,1301.00
7/17/2014,1302.50
7/18/2014,1307.30
7/21/2014,1311.50
7/22/2014,1310.30
7/23/2014,1308.00
7/24/2014,1292.80
7/25/2014,1294.80
7/28/2014,1304.50
7/29/2014,1299.30
7/30/2014,1294.50
7/31/2014,1285.30
8/1/2014,1291.30
8/4/2014,1290.50
8/5/2014,1284.80
8/6/2014,1306.50
8/7/2014,1305.30
8/8/2014,1309.80
8/11/2014,1307.30
8/12/2014,1315.80
8/13/2014,1312.00
8/14/2014,1313.50
8/15/2014,1296.00
8/18/2014,1296.80
8/19/2014,1296.50
8/20/2014,1295.00
8/21/2014,1275.30
8/22/2014,1277.30
8/25/2014,1277.30
8/26/2014,1286.00
8/27/2014,1282.80
8/28/2014,1292.00
8/29/2014,1285.80
9/1/2014,1286.50
9/2/2014,1267.00
9/3/2014,1265.50
9/4/2014,1271.50
9/5/2014,1266.00
9/8/2014,1259.00
9/9/2014,1255.80
9/10/2014,1251.00
9/11/2014,1241.30
9/12/2014,1231.50
9/15/2014,1234.30
9/16/2014,1232.30
9/17/2014,1236.00
9/18/2014,1220.50
9/19/2014,1219.80
9/22/2014,1213.50
9/23/2014,1222.00
9/24/2014,1217.30
9/25/2014,1213.80
9/26/2014,1213.80
9/29/2014,1219.50
9/30/2014,1216.50
10/1/2014,1216.50
10/2/2014,1211.80
10/3/2014,1195.00
10/6/2014,1195.80
10/7/2014,1210.50
10/8/2014,1217.00
10/9/2014,1226.80
10/10/2014,1219.00
10/13/2014,1229.00
10/14/2014,1234.80
10/15/2014,1237.50
10/16/2014,1237.80
10/17/2014,1234.30
10/20/2014,1244.50
10/21/2014,1250.30
10/22/2014,1243.80
10/23/2014,1232.80
10/24/2014,1232.80
10/27/2014,1228.80
10/28/2014,1229.30
10/29/2014,1223.50
10/30/2014,1202.00
10/31/2014,1164.30
11/3/2014,1167.80
11/4/2014,1166.50
11/5/2014,1142.00
11/6/2014,1145.00
11/7/2014,1154.50
11/10/2014,1162.00
11/11/2014,1156.50
11/12/2014,1164.50
11/13/2014,1161.80
11/14/2014,1169.00
11/17/2014,1182.50
11/18/2014,1192.80
11/19/2014,1196.00
11/20/2014,1190.00
11/21/2014,1203.80
11/24/2014,1197.50
11/25/2014,1199.00
11/26/2014,1197.50
11/27/2014,1194.80
11/28/2014,1182.80
12/1/2014,1194.00
12/2/2014,1195.00
12/3/2014,1204.80
12/4/2014,1209.00
12/5/2014,1194.00
12/8/2014,1193.00
12/9/2014,1227.00
12/10/2014,1229.00
12/11/2014,1216.30
12/12/2014,1217.00
12/15/2014,1209.30
12/16/2014,1202.50
12/17/2014,1195.80
12/18/2014,1199.00
12/19/2014,1195.50
12/22/2014,1195.30
12/23/2014,1175.80
12/24/2014,1175.80
12/25/2014,1175.80
12/26/2014,1175.80
12/29/2014,1185.50
12/30/2014,1206.00
12/31/2014,1206.00
1/1/2015,1206.00
1/2/2015,1172.00
1/5/2015,1200.00
1/6/2015,1210.30
1/7/2015,1210.50
1/8/2015,1215.50
1/9/2015,1217.80
1/12/2015,1226.50
1/13/2015,1231.50
1/14/2015,1235.00
1/15/2015,1259.00
1/16/2015,1277.50
1/19/2015,1273.80
1/20/2015,1288.80
1/21/2015,1293.50
1/22/2015,1295.80
1/23/2015,1294.80
1/26/2015,1281.30
1/27/2015,1288.50
1/28/2015,1288.00
1/29/2015,1268.80
1/30/2015,1260.30
2/2/2015,1272.50
2/3/2015,1264.30
2/4/2015,1268.50
2/5/2015,1259.30
2/6/2015,1241.00
2/9/2015,1238.50
2/10/2015,1234.50
2/11/2015,1223.80
2/12/2015,1222.50
2/13/2015,1232.50
2/16/2015,1229.30
2/17/2015,1209.50
2/18/2015,1206.00
2/19/2015,1209.50
2/20/2015,1208.30
2/23/2015,1204.50
2/24/2015,1192.50
2/25/2015,1204.80
2/26/2015,1208.30
2/27/2015,1214.00
3/2/2015,1212.50
3/3/2015,1212.80
3/4/2015,1199.50
3/5/2015,1202.00
3/6/2015,1175.80
3/9/2015,1168.50
3/10/2015,1162.00
3/11/2015,1150.00
3/12/2015,1152.30
3/13/2015,1152.00
3/16/2015,1150.80
3/17/2015,1150.80
3/18/2015,1147.30
3/19/2015,1166.00
3/20/2015,1183.10
3/23/2015,1186.30
3/24/2015,1191.50
3/25/2015,1195.60
3/26/2015,1203.20
3/27/2015,1195.80
3/30/2015,1185.50
3/31/2015,1187.00
4/1/2015,1197.00
4/2/2015,1198.50
4/3/2015,1198.50
4/6/2015,1198.50
4/7/2015,1211.00
4/8/2015,1207.30
4/9/2015,1194.80
4/10/2015,1207.40
4/13/2015,1198.90
4/14/2015,1194.80
4/15/2015,1192.90
4/16/2015,1204.40
4/17/2015,1203.40
4/20/2015,1196.50
4/21/2015,1195.30
4/22/2015,1189.30
4/23/2015,1185.80
4/24/2015,1183.00
4/27/2015,1200.00
4/28/2015,1209.00
4/29/2015,1209.00
4/30/2015,1180.30
5/1/2015,1176.00
5/4/2015,1176.00
5/5/2015,1197.00
5/6/2015,1194.30
5/7/2015,1187.00
5/8/2015,1186.00
5/11/2015,1189.30
5/12/2015,1191.50
5/13/2015,1210.50
5/14/2015,1225.00
5/15/2015,1220.50
5/18/2015,1223.50
5/19/2015,1214.30
5/20/2015,1210.50
5/21/2015,1205.00
5/22/2015,1204.10
5/25/2015,1204.10
5/26/2015,1185.40
5/27/2015,1185.90
5/28/2015,1185.00
5/29/2015,1191.40
6/1/2015,1199.90
6/2/2015,1192.80
6/3/2015,1190.00
6/4/2015,1176.00
6/5/2015,1164.60
6/8/2015,1172.80
6/9/2015,1177.40
6/10/2015,1188.50
6/11/2015,1178.50
6/12/2015,1182.80
6/15/2015,1181.40
6/16/2015,1177.80
6/17/2015,1178.00
6/18/2015,1201.90
6/19/2015,1203.40
6/22/2015,1185.50
6/23/2015,1178.00
6/24/2015,1173.80
6/25/2015,1172.70
6/26/2015,1170.50
6/29/2015,1176.00
6/30/2015,1171.00
7/1/2015,1168.00
7/2/2015,1165.30
7/3/2015,1168.00
7/6/2015,1166.00
7/7/2015,1156.30
7/8/2015,1158.50
7/9/2015,1164.30
7/10/2015,1159.30
7/13/2015,1154.00
7/14/2015,1157.40
7/15/2015,1147.40
7/16/2015,1144.40
7/17/2015,1132.80
7/20/2015,1104.60
7/21/2015,1105.60
7/22/2015,1088.60
7/23/2015,1097.40
7/24/2015,1080.80
7/27/2015,1100.00
7/28/2015,1096.20
7/29/2015,1090.30
7/30/2015,1087.50
7/31/2015,1098.40
8/3/2015,1091.90
8/4/2015,1090.70
8/5/2015,1085.10
8/6/2015,1089.80
8/7/2015,1093.50
8/10/2015,1097.00
8/11/2015,1108.30
8/12/2015,1119.00
8/13/2015,1116.80
8/14/2015,1118.30
8/17/2015,1118.80
8/18/2015,1111.50
8/19/2015,1126.20
8/20/2015,1147.70
8/21/2015,1156.50
8/24/2015,1166.50
8/25/2015,1137.50
8/26/2015,1120.80
8/27/2015,1119.00
8/28/2015,1135.00
8/31/2015,1135.00
9/1/2015,1142.30
9/2/2015,1137.80
9/3/2015,1128.00
9/4/2015,1118.30
9/7/2015,1119.50
9/8/2015,1121.20
9/9/2015,1109.90
9/10/2015,1109.50
9/11/2015,1100.30
9/14/2015,1104.80
9/15/2015,1106.00
9/16/2015,1117.60
9/17/2015,1117.50
9/18/2015,1141.50
9/21/2015,1133.30
9/22/2015,1122.90
9/23/2015,1131.40
9/24/2015,1154.50
9/25/2015,1146.70
9/28/2015,1131.10
9/29/2015,1132.10
9/30/2015,1114.00
10/1/2015,1119.00
10/2/2015,1140.80
10/5/2015,1139.80
10/6/2015,1147.50
10/7/2015,1144.60
10/8/2015,1140.00
10/9/2015,1151.60
10/12/2015,1164.90
10/13/2015,1165.20
10/14/2015,1173.90
10/15/2015,1184.30
10/16/2015,1180.90
10/19/2015,1175.40
10/20/2015,1177.80
10/21/2015,1167.10
10/22/2015,1167.00
10/23/2015,1161.30
10/26/2015,1166.40
10/27/2015,1165.70
10/28/2015,1179.60
10/29/2015,1148.60
10/30/2015,1142.40
11/2/2015,1134.00
11/3/2015,1123.10
11/4/2015,1114.70
11/5/2015,1106.30
11/6/2015,1088.90
11/9/2015,1089.60
11/10/2015,1087.10
11/11/2015,1085.90
11/12/2015,1087.40
11/13/2015,1081.50
11/16/2015,1084.80
11/17/2015,1079.20
11/18/2015,1067.80
11/19/2015,1082.60
11/20/2015,1081.80
11/23/2015,1070.50
11/24/2015,1076.40
11/25/2015,1068.00
11/26/2015,1071.00
11/27/2015,1057.40
11/30/2015,1061.90
12/1/2015,1065.40
12/2/2015,1055.40
12/3/2015,1055.50
12/4/2015,1079.30
12/7/2015,1075.80
12/8/2015,1072.10
12/9/2015,1081.00
12/10/2015,1071.00
12/11/2015,1072.50
12/14/2015,1068.30
12/15/2015,1061.50
12/16/2015,1075.30
12/17/2015,1049.40
12/18/2015,1062.50
12/21/2015,1078.80
12/22/2015,1074.90
12/23/2015,1068.30
12/24/2015,1068.30
12/25/2015,1068.30
12/28/2015,1068.30
12/29/2015,1070.10
12/30/2015,1060.00
12/31/2015,1060.00
1/1/2016,1060.00
1/4/2016,1082.30
1/5/2016,1077.00
1/6/2016,1091.40
1/7/2016,1106.40
1/8/2016,1101.90
1/11/2016,1100.80
1/12/2016,1085.40
1/13/2016,1088.20
1/14/2016,1088.40
1/15/2016,1093.80
1/18/2016,1089.20
1/19/2016,1086.30
1/20/2016,1101.80
1/21/2016,1096.50
1/22/2016,1096.30
1/25/2016,1106.60
1/26/2016,1113.60
1/27/2016,1116.30
1/28/2016,1114.00
1/29/2016,1111.80
2/1/2016,1126.50
2/2/2016,1128.50
2/3/2016,1132.00
2/4/2016,1156.40
2/5/2016,1150.40
2/8/2016,1193.30
2/9/2016,1191.00
2/10/2016,1190.00
2/11/2016,1241.00
2/12/2016,1239.80
2/15/2016,1208.20
2/16/2016,1209.50
2/17/2016,1210.00
2/18/2016,1210.10
2/19/2016,1231.20
2/22/2016,1211.00
2/23/2016,1221.40
2/24/2016,1250.80
2/25/2016,1236.00
2/26/2016,1226.50
2/29/2016,1234.90
3/1/2016,1236.50
3/2/2016,1239.20
3/3/2016,1250.30
3/4/2016,1277.50
3/7/2016,1267.90
3/8/2016,1267.00
3/9/2016,1246.40
3/10/2016,1266.50
3/11/2016,1264.80
3/14/2016,1242.80
3/15/2016,1232.00
3/16/2016,1228.50
3/17/2016,1266.50
3/18/2016,1252.10
3/21/2016,1244.90
3/22/2016,1252.50
3/23/2016,1217.60
3/24/2016,1221.00
3/25/2016,1221.00
3/28/2016,1221.00
3/29/2016,1226.00
3/30/2016,1236.30
3/31/2016,1237.00
4/1/2016,1213.60
4/4/2016,1219.80
4/5/2016,1231.30
4/6/2016,1221.40
4/7/2016,1242.10
4/8/2016,1239.50
4/11/2016,1254.80
4/12/2016,1254.60
4/13/2016,1245.80
4/14/2016,1233.90
4/15/2016,1227.10
4/18/2016,1234.30
4/19/2016,1255.40
4/20/2016,1252.00
4/21/2016,1249.30
4/22/2016,1243.30
4/25/2016,1238.90
4/26/2016,1241.70
4/27/2016,1247.40
4/28/2016,1256.00
4/29/2016,1285.70
5/2/2016,1285.70
5/3/2016,1294.00
5/4/2016,1283.00
5/5/2016,1280.30
5/6/2016,1289.00
5/9/2016,1265.30
5/10/2016,1262.80
5/11/2016,1276.90
5/12/2016,1279.30
5/13/2016,1265.90
5/16/2016,1285.80
5/17/2016,1277.00
5/18/2016,1272.90
5/19/2016,1246.30
5/20/2016,1254.20
5/23/2016,1245.90
5/24/2016,1236.90
5/25/2016,1220.60
5/26/2016,1223.90
5/27/2016,1216.30
5/30/2016,1216.30
5/31/2016,1212.10
6/1/2016,1214.50
6/2/2016,1212.40
6/3/2016,1240.50
6/6/2016,1244.00
6/7/2016,1241.00
6/8/2016,1263.00
6/9/2016,1263.90
6/10/2016,1275.50
6/13/2016,1280.80
6/14/2016,1287.20
6/15/2016,1283.30
6/16/2016,1310.80
6/17/2016,1290.70
6/20/2016,1281.80
6/21/2016,1272.60
6/22/2016,1264.90
6/23/2016,1262.20
6/24/2016,1315.50
6/27/2016,1324.60
6/28/2016,1309.70
6/29/2016,1321.50
6/30/2016,1320.80
7/1/2016,1340.00
7/4/2016,1350.80
7/5/2016,1350.80
7/6/2016,1366.30
7/7/2016,1356.70
7/8/2016,1354.30
7/11/2016,1357.10
7/12/2016,1342.40
7/13/2016,1342.80
7/14/2016,1323.60
7/15/2016,1327.00
7/18/2016,1334.70
7/19/2016,1330.90
7/20/2016,1315.90
7/21/2016,1321.20
7/22/2016,1320.80
7/25/2016,1313.20
7/26/2016,1323.00
7/27/2016,1329.00
7/28/2016,1341.80
7/29/2016,1342.00
8/1/2016,1349.70
8/2/2016,1363.80
8/3/2016,1358.90
8/4/2016,1362.80
8/5/2016,1340.40
8/8/2016,1336.80
8/9/2016,1341.00
8/10/2016,1347.70
8/11/2016,1355.00
8/12/2016,1352.20
8/15/2016,1339.40
8/16/2016,1344.00
8/17/2016,1343.40
8/18/2016,1350.10
8/19/2016,1346.40
8/22/2016,1335.90
8/23/2016,1342.00
8/24/2016,1327.30
8/25/2016,1321.30
8/26/2016,1318.80
8/29/2016,1318.80
8/30/2016,1318.20
8/31/2016,1309.30
9/1/2016,1309.50
9/2/2016,1324.70
9/5/2016,1326.40
9/6/2016,1337.30
9/7/2016,1348.40
9/8/2016,1343.40
9/9/2016,1330.90
9/12/2016,1324.60
9/13/2016,1323.70
9/14/2016,1321.80
9/15/2016,1310.80
9/16/2016,1308.40
9/19/2016,1314.90
9/20/2016,1313.80
9/21/2016,1326.10
9/22/2016,1339.10
9/23/2016,1338.70
9/26/2016,1340.50
9/27/2016,1327.00
9/28/2016,1322.50
9/29/2016,1318.10
9/30/2016,1322.50
10/3/2016,1313.30
10/4/2016,1283.30
10/5/2016,1269.40
10/6/2016,1254.50
10/7/2016,1258.80
10/10/2016,1259.50
10/11/2016,1253.50
10/12/2016,1256.50
10/13/2016,1261.10
10/14/2016,1251.80
10/17/2016,1254.80
10/18/2016,1258.20
10/19/2016,1269.10
10/20/2016,1271.70
10/21/2016,1266.10
10/24/2016,1265.60
10/25/2016,1269.40
10/26/2016,1270.50
10/27/2016,1266.30
10/28/2016,1273.00
10/31/2016,1272.00
11/1/2016,1288.50
11/2/2016,1303.80
11/3/2016,1301.00
11/4/2016,1302.80
11/7/2016,1283.10
11/8/2016,1282.40
11/9/2016,1281.40
11/10/2016,1267.50
11/11/2016,1236.50
11/14/2016,1213.60
11/15/2016,1227.00
11/16/2016,1229.20
11/17/2016,1226.80
11/18/2016,1211.00
11/21/2016,1214.30
11/22/2016,1212.30
11/23/2016,1185.40
11/24/2016,1186.10
11/25/2016,1187.70
11/28/2016,1187.00
11/29/2016,1186.60
11/30/2016,1178.10
12/1/2016,1161.90
12/2/2016,1173.50
12/5/2016,1162.20
12/6/2016,1172.50
12/7/2016,1177.70
12/8/2016,1171.10
12/9/2016,1163.60
12/12/2016,1156.10
12/13/2016,1158.60
12/14/2016,1162.30
12/15/2016,1127.00
12/16/2016,1131.60
12/19/2016,1136.30
12/20/2016,1125.70
12/21/2016,1133.70
12/22/2016,1131.40
12/23/2016,1131.40
12/26/2016,1131.40
12/27/2016,1131.40
12/28/2016,1134.60
12/29/2016,1145.90
12/30/2016,1145.90
1/2/2017,1145.90
1/3/2017,1151.00
1/4/2017,1164.30
1/5/2017,1176.70
1/6/2017,1175.90
1/9/2017,1178.50
1/10/2017,1189.50
1/11/2017,1178.60
1/12/2017,1205.10
1/13/2017,1190.40
1/16/2017,1203.00
1/17/2017,1216.10
1/18/2017,1214.80
1/19/2017,1196.10
1/20/2017,1200.60
1/23/2017,1212.90
1/24/2017,1216.80
1/25/2017,1195.00
1/26/2017,1189.70
1/27/2017,1184.90
1/30/2017,1192.80
1/31/2017,1212.80
2/1/2017,1203.70
2/2/2017,1222.00
2/3/2017,1215.20
2/6/2017,1226.80
2/7/2017,1231.00
2/8/2017,1242.10
2/9/2017,1236.80
2/10/2017,1228.30
2/13/2017,1222.30
2/14/2017,1230.80
2/15/2017,1224.40
2/16/2017,1240.60
2/17/2017,1242.00
2/20/2017,1237.30
2/21/2017,1233.20
2/22/2017,1236.70
2/23/2017,1247.90
2/24/2017,1253.70
2/27/2017,1257.20
2/28/2017,1255.60
3/1/2017,1240.40
3/2/2017,1238.10
3/3/2017,1226.50
3/6/2017,1231.00
3/7/2017,1216.70
3/8/2017,1209.20
3/9/2017,1206.60
3/10/2017,1202.70
3/13/2017,1204.20
3/14/2017,1204.60
3/15/2017,1198.80
3/16/2017,1229.40
3/17/2017,1229.60
3/20/2017,1232.40
3/21/2017,1241.60
3/22/2017,1249.10
3/23/2017,1247.50
3/24/2017,1247.50
3/27/2017,1257.60
3/28/2017,1257.30
3/29/2017,1251.10
3/30/2017,1248.80
3/31/2017,1244.90
4/3/2017,1247.30
4/4/2017,1257.70
4/5/2017,1245.80
4/6/2017,1252.50
4/7/2017,1266.50
4/10/2017,1250.10
4/11/2017,1252.90
4/12/2017,1274.30
4/13/2017,1284.20
4/14/2017,1284.20
4/17/2017,1284.20
4/18/2017,1279.00
4/19/2017,1279.10
4/20/2017,1282.10
4/21/2017,1281.90
4/24/2017,1269.40
4/25/2017,1267.80
4/26/2017,1261.90
4/27/2017,1262.80
4/28/2017,1266.50
5/1/2017,1266.50
5/2/2017,1255.50
5/3/2017,1250.30
5/4/2017,1228.50
5/5/2017,1228.10
5/8/2017,1229.80
5/9/2017,1220.40
5/10/2017,1223.00
5/11/2017,1223.20
5/12/2017,1231.30
5/15/2017,1233.30
5/16/2017,1234.20
5/17/2017,1257.40
5/18/2017,1255.90
5/19/2017,1252.00
5/22/2017,1258.90
5/23/2017,1260.20
5/24/2017,1252.60
5/25/2017,1257.00
5/26/2017,1265.10
5/29/2017,1265.10
5/30/2017,1262.70
5/31/2017,1266.20
6/1/2017,1264.90
6/2/2017,1275.00
6/5/2017,1280.00
6/6/2017,1293.50
6/7/2017,1291.00
6/8/2017,1273.10
6/9/2017,1266.60
6/12/2017,1266.40
6/13/2017,1262.00
6/14/2017,1275.50
6/15/2017,1254.60
6/16/2017,1255.40
6/19/2017,1248.20
6/20/2017,1242.20
6/21/2017,1242.50
6/22/2017,1250.80
6/23/2017,1255.70
6/26/2017,1245.30
6/27/2017,1249.60
6/28/2017,1248.00
6/29/2017,1243.50
6/30/2017,1242.30
7/3/2017,1229.30
7/4/2017,1223.80
7/5/2017,1220.30
7/6/2017,1224.90
7/7/2017,1215.70
7/10/2017,1211.90
7/11/2017,1211.10
7/12/2017,1218.80
7/13/2017,1218.90
7/14/2017,1230.30
7/17/2017,1234.10
7/18/2017,1240.80
7/19/2017,1242.20
7/20/2017,1238.70
7/21/2017,1248.60
7/24/2017,1255.60
7/25/2017,1254.40
7/26/2017,1248.10
7/27/2017,1261.10
7/28/2017,1264.90
7/31/2017,1267.60
8/1/2017,1271.00
8/2/2017,1269.60
8/3/2017,1268.10
8/4/2017,1257.70
8/7/2017,1258.00
8/8/2017,1261.80
8/9/2017,1271.10
8/10/2017,1284.40
8/11/2017,1286.10
8/14/2017,1282.30
8/15/2017,1270.30
8/16/2017,1272.80
8/17/2017,1285.20
8/18/2017,1295.80
8/21/2017,1292.90
8/22/2017,1284.20
8/23/2017,1286.70
8/24/2017,1289.00
8/25/2017,1285.30
8/28/2017,1285.30
8/29/2017,1318.70
8/30/2017,1308.50
8/31/2017,1311.80
9/1/2017,1320.40
9/4/2017,1333.10
9/5/2017,1335.60
9/6/2017,1337.90
9/7/2017,1343.50
9/8/2017,1346.30
9/11/2017,1334.20
9/12/2017,1326.50
9/13/2017,1327.60
9/14/2017,1324.60
9/15/2017,1322.90
9/18/2017,1312.10
9/19/2017,1309.60
9/20/2017,1311.30
9/21/2017,1292.10
9/22/2017,1294.80
9/25/2017,1293.30
9/26/2017,1300.10
9/27/2017,1282.60
9/28/2017,1283.40
9/29/2017,1283.10
10/2/2017,1273.70
10/3/2017,1271.30
10/4/2017,1274.30
10/5/2017,1274.50
10/6/2017,1261.80
10/9/2017,1278.80
10/10/2017,1291.40
10/11/2017,1289.30
10/12/2017,1290.30
10/13/2017,1299.60
10/16/2017,1303.30
10/17/2017,1284.80
10/18/2017,1280.20
10/19/2017,1286.40
10/20/2017,1281.20
10/23/2017,1274.90
10/24/2017,1276.50
10/25/2017,1275.00
10/26/2017,1273.80
10/27/2017,1266.50
10/30/2017,1272.00
10/31/2017,1270.20
11/1/2017,1277.10
11/2/2017,1279.20
11/3/2017,1267.20
11/6/2017,1270.90
11/7/2017,1275.60
11/8/2017,1284.00
11/9/2017,1284.80
11/10/2017,1284.30
11/13/2017,1278.00
11/14/2017,1274.60
11/15/2017,1282.20
11/16/2017,1280.00
11/17/2017,1284.40
11/20/2017,1286.20
11/21/2017,1283.30
11/22/2017,1287.00
11/23/2017,1290.40
11/24/2017,1290.50
11/27/2017,1294.90
11/28/2017,1291.90
11/29/2017,1283.90
11/30/2017,1280.20
12/1/2017,1275.50
12/4/2017,1273.50
12/5/2017,1266.30
12/6/2017,1263.70
12/7/2017,1255.00
12/8/2017,1250.70
12/11/2017,1247.20
12/12/2017,1240.90
12/13/2017,1242.70
12/14/2017,1251.00
12/15/2017,1254.60
12/18/2017,1260.60
12/19/2017,1260.40
12/20/2017,1264.60
12/21/2017,1264.60
12/22/2017,1264.60
12/25/2017,1264.60
12/26/2017,1264.60
12/27/2017,1279.40
12/28/2017,1291.00
12/29/2017,1291.00
1/1/2018,1291.00
1/2/2018,1312.10
1/3/2018,1314.90
1/4/2018,1314.50
1/5/2018,1317.20
1/8/2018,1320.00
1/9/2018,1311.00
1/10/2018,1319.80
1/11/2018,1323.10
1/12/2018,1326.80
1/15/2018,1339.30
1/16/2018,1333.90
1/17/2018,1335.70
1/18/2018,1332.20
1/19/2018,1335.00
1/22/2018,1332.60
1/23/2018,1333.40
1/24/2018,1353.70
1/25/2018,1355.00
1/26/2018,1353.20
1/29/2018,1343.90
1/30/2018,1344.90
1/31/2018,1345.10
2/1/2018,1341.40
2/2/2018,1331.20
2/5/2018,1333.60
2/6/2018,1331.40
2/7/2018,1324.70
2/8/2018,1315.50
2/9/2018,1314.10
2/12/2018,1322.30
2/13/2018,1325.40
2/14/2018,1336.30
2/15/2018,1352.50
2/16/2018,1352.10
2/19/2018,1346.60
2/20/2018,1339.90
2/21/2018,1330.50
2/22/2018,1328.40
2/23/2018,1328.00
2/26/2018,1333.50
2/27/2018,1325.80
2/28/2018,1317.90
3/1/2018,1307.80
3/2/2018,1322.30
3/5/2018,1320.40
3/6/2018,1331.40
3/7/2018,1329.40
3/8/2018,1321.00
3/9/2018,1320.60
3/12/2018,1319.20
3/13/2018,1322.80
3/14/2018,1323.60
3/15/2018,1318.80
3/16/2018,1310.10
3/19/2018,1312.40
3/20/2018,1311.00
3/21/2018,1321.40
3/22/2018,1329.20
3/23/2018,1346.60
3/26/2018,1352.40
3/27/2018,1341.50
3/28/2018,1332.50
3/29/2018,1323.90
3/30/2018,1323.90
4/2/2018,1323.90
4/3/2018,1333.50
4/4/2018,1337.30
4/5/2018,1327.70
4/6/2018,1331.20
4/9/2018,1332.00
4/10/2018,1339.00
4/11/2018,1350.80
4/12/2018,1341.40
4/13/2018,1343.70
4/16/2018,1349.40
4/17/2018,1342.10
4/18/2018,1351.50
4/19/2018,1348.60
4/20/2018,1336.80
4/23/2018,1324.30
4/24/2018,1328.90
4/25/2018,1321.70
4/26/2018,1320.70
4/27/2018,1321.50
4/30/2018,1313.20
5/1/2018,1307.10
5/2/2018,1304.20
5/3/2018,1315.10
5/4/2018,1309.40
5/7/2018,1309.40
5/8/2018,1306.60
5/9/2018,1313.90
5/10/2018,1318.80
5/11/2018,1324.40
5/14/2018,1319.90
5/15/2018,1295.00
5/16/2018,1291.30
5/17/2018,1289.50
5/18/2018,1288.30
5/21/2018,1288.40
5/22/2018,1293.10
5/23/2018,1289.00
5/24/2018,1304.90
5/25/2018,1303.50
5/28/2018,1303.50
5/29/2018,1295.50
5/30/2018,1300.70
5/31/2018,1305.40
6/1/2018,1294.60
6/4/2018,1295.50
6/5/2018,1292.10
6/6/2018,1300.10
6/7/2018,1297.30
6/8/2018,1298.30
6/11/2018,1299.60
6/12/2018,1298.70
6/13/2018,1296.20
6/14/2018,1302.80
6/15/2018,1285.30
6/18/2018,1281.60
6/19/2018,1276.20
6/20/2018,1274.20
6/21/2018,1266.20
6/22/2018,1269.20
6/25/2018,1268.70
6/26/2018,1260.30
6/27/2018,1254.60
6/28/2018,1251.60
6/29/2018,1250.50
7/2/2018,1247.80
7/3/2018,1251.80
7/4/2018,1255.70
7/5/2018,1255.50
7/6/2018,1255.40
7/9/2018,1262.10
7/10/2018,1254.00
7/11/2018,1251.40
7/12/2018,1245.90
7/13/2018,1241.70
7/16/2018,1241.10
7/17/2018,1232.80
7/18/2018,1224.50
7/19/2018,1217.60
7/20/2018,1228.80
7/23/2018,1225.00
7/24/2018,1228.40
7/25/2018,1231.50
7/26/2018,1228.30
7/27/2018,1224.00
7/30/2018,1223.80
7/31/2018,1221.00
8/1/2018,1219.00
8/2/2018,1215.50
8/3/2018,1216.30
8/6/2018,1209.70
8/7/2018,1212.40
8/8/2018,1209.60
8/9/2018,1214.40
8/10/2018,1214.40
8/13/2018,1200.40
8/14/2018,1197.00
8/15/2018,1182.00
8/16/2018,1180.40
8/17/2018,1178.40
8/20/2018,1184.40
8/21/2018,1191.00
8/22/2018,1196.70
8/23/2018,1192.40
8/24/2018,1197.70
8/27/2018,1197.70
8/28/2018,1212.30
8/29/2018,1204.20
8/30/2018,1197.30
8/31/2018,1202.50
9/3/2018,1200.10
9/4/2018,1190.90
9/5/2018,1196.70
9/6/2018,1205.20
9/7/2018,1198.90
9/10/2018,1196.60
9/11/2018,1189.90
9/12/2018,1195.60
9/13/2018,1209.80
9/14/2018,1202.00
9/17/2018,1201.90
9/18/2018,1200.20
9/19/2018,1203.30
9/20/2018,1208.40
9/21/2018,1198.70
9/24/2018,1202.80
9/25/2018,1201.90
9/26/2018,1194.30
9/27/2018,1185.40
9/28/2018,1187.30
10/1/2018,1189.40
10/2/2018,1204.70
10/3/2018,1201.20
10/4/2018,1203.50
10/5/2018,1203.80
10/8/2018,1187.00
10/9/2018,1185.60
10/10/2018,1188.60
10/11/2018,1205.60
10/12/2018,1219.80
10/15/2018,1230.00
10/16/2018,1230.70
10/17/2018,1229.10
10/18/2018,1223.00
10/19/2018,1227.90
10/22/2018,1222.30
10/23/2018,1236.00
10/24/2018,1230.60
10/25/2018,1230.80
10/26/2018,1233.90
10/29/2018,1230.80
10/30/2018,1225.40
10/31/2018,1215.00
11/1/2018,1231.20
11/2/2018,1232.10
11/5/2018,1232.30
11/6/2018,1231.60
11/7/2018,1230.00
11/8/2018,1224.20
11/9/2018,1211.40
11/12/2018,1205.60
11/13/2018,1202.10
11/14/2018,1203.30
11/15/2018,1211.90
11/16/2018,1222.40
11/19/2018,1221.60
11/20/2018,1223.00
11/21/2018,1226.10
11/22/2018,1227.10
11/23/2018,1223.70
11/26/2018,1223.40
11/27/2018,1221.20
11/28/2018,1213.30
11/29/2018,1226.30
11/30/2018,1217.60
12/3/2018,1230.30
12/4/2018,1240.30
12/5/2018,1235.90
12/6/2018,1242.60
12/7/2018,1243.30
12/10/2018,1245.40
12/11/2018,1245.30
12/12/2018,1245.80
12/13/2018,1242.80
12/14/2018,1235.40
12/17/2018,1241.70
12/18/2018,1246.30
12/19/2018,1255.00
12/20/2018,1259.80
12/21/2018,1258.20
12/24/2018,1258.20
12/25/2018,1258.20
12/26/2018,1258.20
12/27/2018,1268.00
12/28/2018,1279.00
12/31/2018,1279.00
1/1/2019,1279.00
1/2/2019,1282.90
1/3/2019,1290.50
1/4/2019,1279.90
1/7/2019,1292.20
1/8/2019,1286.50
1/9/2019,1288.60
1/10/2019,1291.90
1/11/2019,1289.00
1/14/2019,1292.80
1/15/2019,1294.40
1/16/2019,1292.30
1/17/2019,1290.70
1/18/2019,1284.20
1/21/2019,1279.60
1/22/2019,1282.10
1/23/2019,1279.80
1/24/2019,1283.70
1/25/2019,1293.90
1/28/2019,1302.20
1/29/2019,1307.60
1/30/2019,1310.70
1/31/2019,1323.30
2/1/2019,1318.70
2/4/2019,1312.20
2/5/2019,1314.20
2/6/2019,1312.40
2/7/2019,1310.00
2/8/2019,1314.90
2/11/2019,1306.40
2/12/2019,1310.00
2/13/2019,1312.80
2/14/2019,1311.50
2/15/2019,1316.60
2/18/2019,1325.50
2/19/2019,1334.20
2/20/2019,1343.80
2/21/2019,1331.30
2/22/2019,1329.10
2/25/2019,1331.10
2/26/2019,1325.10
2/27/2019,1322.90
2/28/2019,1319.20
3/1/2019,1312.00
3/4/2019,1285.40
3/5/2019,1283.80
3/6/2019,1285.90
3/7/2019,1285.30
3/8/2019,1296.80
3/11/2019,1292.80
3/12/2019,1297.10
3/13/2019,1307.00
3/14/2019,1295.60
3/15/2019,1303.50
3/18/2019,1305.60
3/19/2019,1307.70
3/20/2019,1303.70
3/21/2019,1309.60
3/22/2019,1311.30
3/25/2019,1319.60
3/26/2019,1316.30
3/27/2019,1309.70
3/28/2019,1295.20
3/29/2019,1295.40
4/1/2019,1293.50
4/2/2019,1290.30
4/3/2019,1290.50
4/4/2019,1283.20
4/5/2019,1288.50
4/8/2019,1300.00
4/9/2019,1303.00
4/10/2019,1305.50
4/11/2019,1298.80
4/12/2019,1294.30
4/15/2019,1285.70
4/16/2019,1276.40
4/17/2019,1275.90
4/18/2019,1275.70
4/19/2019,1275.70
4/22/2019,1275.70
4/23/2019,1269.50
4/24/2019,1271.70
4/25/2019,1280.80
4/26/2019,1284.20
4/29/2019,1279.50
4/30/2019,1282.30
5/1/2019,1283.80
5/2/2019,1271.00
5/3/2019,1278.60
5/6/2019,1278.60
5/7/2019,1281.20
5/8/2019,1285.20
5/9/2019,1286.10
5/10/2019,1287.10
5/13/2019,1295.60
5/14/2019,1298.40
5/15/2019,1299.10
5/16/2019,1291.70
5/17/2019,1280.80
5/20/2019,1276.90
5/21/2019,1271.20
5/22/2019,1273.80
5/23/2019,1283.70
5/24/2019,1282.50
5/27/2019,1282.50
5/28/2019,1278.30
5/29/2019,1281.70
5/30/2019,1281.00
5/31/2019,1295.60
6/3/2019,1317.10
6/4/2019,1324.30
6/5/2019,1335.10
6/6/2019,1335.50
6/7/2019,1340.70
6/10/2019,1328.60
6/11/2019,1324.30
6/12/2019,1332.40
6/13/2019,1335.90
6/14/2019,1351.30
6/17/2019,1341.30
6/18/2019,1341.40
6/19/2019,1344.10
6/20/2019,1379.50
6/21/2019,1397.20
6/24/2019,1405.70
6/25/2019,1431.40
6/26/2019,1404.00
6/27/2019,1402.50
6/28/2019,1409.00
7/1/2019,1390.10
7/2/2019,1391.10
7/3/2019,1413.50
7/4/2019,1414.90
7/5/2019,1388.70